{"type":"FeatureCollection","name":"Cours d’eau","features":[{"type":"Feature","properties":{"gid":4348,"CdOH":"03C0000002000848101","TopoOH":"la Vesgre","SourceNomOH":"IGN;BDCarthage","DateCreationOH":"2017-01-24 15:06:18","DateMajOH":"2025-08-21 14:10:20","StatutOH":"Validé","InfluenceMareeEH":null,"CommentaireOH":null,"ProjCoordOH":"RGF93 / Lambert 93","source":"BD TOPAGE 2026 – Sandre/OFB/IGN","potabilite":"Non renseignée","type_carto":"Cours d’eau"},"geometry":{"type":"MultiLineString","coordinates":[[[1.7231606705524636,48.72266172754082],[1.7230095340649403,48.7226709048516],[1.7229325941828704,48.722536948901286],[1.7227800068623331,48.7226054803339],[1.7216945923626121,48.72279175805327],[1.7203458205509774,48.723072353008774],[1.7173960322913189,48.72449165062794],[1.715927111779651,48.7252323706309],[1.715487985357746,48.725396759121615],[1.715213892872533,48.725595306404124],[1.7134965503382908,48.72642777383887],[1.7117573004200173,48.72809115750696],[1.7110409283958852,48.7283586826733],[1.7105709338102242,48.72844985677457],[1.709709707714473,48.72852600546865],[1.7091446871331109,48.72861074934179],[1.7087806986223286,48.72875883457208],[1.7086814838029343,48.728701989497154],[1.7085405543830958,48.72868247373239],[1.7082049493708673,48.728727416971175],[1.7074394014033756,48.72867325168856],[1.7064700814932565,48.728446859467965],[1.7042199936781957,48.7273402995365],[1.7037540356870637,48.72726867319303],[1.7034557248024464,48.72712600332585],[1.7029645037262757,48.72697673854018],[1.702540702620236,48.72668607654657],[1.7020511233107631,48.72641628663662],[1.701491477884245,48.72601169993075],[1.700740927153046,48.72573906451802],[1.7000000000000002,48.72551163858948]],[[1.7231606705524636,48.72266172754082],[1.7229564194739826,48.72228533136542],[1.7227171996521238,48.722282771097646],[1.7223286699217917,48.722214744119],[1.7221462289444094,48.72222538424118],[1.7218822308184296,48.72229092237659],[1.721604941822326,48.72217730808934],[1.7215275774429264,48.72217198154022],[1.7207950885163132,48.72227027805365],[1.7205796894471364,48.7223498274593],[1.720305916562956,48.722370280070216],[1.720207782682496,48.72243579400782],[1.7198211288927119,48.72245773349429],[1.7194972333130294,48.7225262219826],[1.7194102515369172,48.72246951678648],[1.7193193610163584,48.7224613450203],[1.7191215262813746,48.72248980623139],[1.7186702031432421,48.722487659660565],[1.7182002084916477,48.722581562188545],[1.7179841641644915,48.722687186829425],[1.7179423633821445,48.72278388864596],[1.7174343411254729,48.72293135234012],[1.7173509209177455,48.72295114527595],[1.7171578334367417,48.72289689610674],[1.7170965260593052,48.72295740611768],[1.7167816289795792,48.72293602948036],[1.7166202027771926,48.72297657215967],[1.7165727078396935,48.72302823499681],[1.7165944898655665,48.72319308604782],[1.7164199463358165,48.72338011324776],[1.7163732697411935,48.72373043372715],[1.7162089898444168,48.723997630438895],[1.7161425083098933,48.72404728973011],[1.7156052168475984,48.724223216203555],[1.7151470583338246,48.724332526442566],[1.7147550147414914,48.724462336980174],[1.7138943485631197,48.72424257114395],[1.7137102262630066,48.724100257675076],[1.7135969573962728,48.724062155383635],[1.7134582920363544,48.7240615600864],[1.7131778155845856,48.724188070498485],[1.7131466493157752,48.72423900849462],[1.7131999894117076,48.72466776703546],[1.713107214244745,48.72490154777424],[1.7131295035235263,48.725100587459586],[1.7128760663133609,48.725343429903084],[1.7123811807329654,48.72605952568883],[1.712228921134136,48.726444686585374],[1.7117494434791383,48.726645507248776],[1.711401229176287,48.72698177532556],[1.7113010667918316,48.72701847460709],[1.7097401719528686,48.727402805841706],[1.7094686244390986,48.727497020441376],[1.709313845672769,48.7275978945693],[1.7092212181895352,48.727714732941834],[1.7091094855320743,48.72772431896054],[1.7088250464501364,48.72767986301301],[1.7083757168142428,48.72787020181795],[1.7080618219274726,48.72791717867425],[1.7074384162965712,48.727888839521874],[1.7070678686443275,48.7277525928755],[1.7068911935765854,48.727529390999976],[1.7055713473750278,48.72657955697688],[1.7047272419046107,48.72635001002124],[1.703776885616622,48.726402659728116],[1.703484262351016,48.72625015655039],[1.7028605452248653,48.725797204290046],[1.7021454287606361,48.72573995434739],[1.7020267946655703,48.72569908408966],[1.7017225950845065,48.72552036365469],[1.7014760281279224,48.72526580805992],[1.7013648539990074,48.724760852195175],[1.701384652742929,48.72462073832572],[1.7013210627963988,48.72455347985342],[1.700616479945197,48.724292137882685],[1.7005293984926957,48.7242947878649],[1.7002224595219382,48.72444526778071],[1.6999999999999995,48.724600813088955]],[[1.7252609316865402,48.722171441171774],[1.725110409992748,48.7222112122059],[1.7250347272796553,48.7224154997358],[1.7249193904810487,48.72246194325413],[1.7231606705524636,48.72266172754082]],[[1.742942482276989,48.72378658069577],[1.742865165681668,48.723948582958855],[1.742211127190775,48.72395158622989],[1.742119590891564,48.72385706925654],[1.7419830430108147,48.723825045515646],[1.7418210431316095,48.723720790060824],[1.7408046564186475,48.723470792037396],[1.7403655432710432,48.72358219856618],[1.7386438488410798,48.72348845155635],[1.738199712737307,48.72341359208126],[1.7380677798376005,48.7234157951707],[1.7377500248149438,48.723512283656994],[1.7372905916252133,48.72356409429362],[1.7359821854917017,48.723640196798925],[1.7342963135062237,48.72335876221216],[1.7321250530857397,48.723190887099875],[1.7317817736902748,48.72310628060029],[1.7315436468668877,48.72311454419753],[1.7312811259933454,48.722951634871364],[1.7311919315121327,48.72281755422102],[1.7311740551386963,48.722713916719385],[1.7311108927860628,48.72268356020528],[1.730927660766628,48.72267081721685],[1.730790419112878,48.72261178686214],[1.7305897361705982,48.72258986231286],[1.7299584270766577,48.722609231827576],[1.7298241308134936,48.722652779623125],[1.728858130459099,48.7227936169507],[1.727980927944592,48.72269341587381],[1.7266039554045685,48.722793871862585],[1.7264844758186135,48.72273142787475],[1.7264096314707942,48.722622683860976],[1.7262665199310212,48.72252580475298],[1.7261995249277928,48.722373966246714],[1.7257728899763456,48.72219579938566],[1.7256819111887551,48.7221912297036],[1.7256189042977828,48.72226611857449],[1.725493900330591,48.72231875621628],[1.7252609316865402,48.722171441171774]],[[1.742942482276989,48.72378658069577],[1.7419892204169436,48.72351207064348],[1.7410530408985585,48.72298046434953],[1.7390815583894472,48.72281572279621],[1.7386273787691517,48.72270657611322],[1.7383032170831616,48.722561921195535],[1.7381954666252453,48.72246363140017],[1.7378350991016145,48.722354573991716],[1.7377328519687645,48.72225364332897],[1.737563624826444,48.72222396736412],[1.7374377721181016,48.72214347617025],[1.7372155365799147,48.72211323885048],[1.7367848863738489,48.72187479985411],[1.73637352907786,48.72173821184433],[1.7361741754310736,48.721548995766696],[1.7361236256451626,48.72144681203247],[1.7359267730907817,48.72137906028508],[1.7356115634043436,48.72131455190049],[1.735125965370944,48.72132469789226],[1.734855697063905,48.72125706568155],[1.7339566609757389,48.72121694618128],[1.7336541004428447,48.720967260772774],[1.7329506338016014,48.72054330445573],[1.7328242183726568,48.72043041859],[1.7322620323642546,48.72023554290915],[1.7318543681694336,48.72017184123071],[1.7316276410208955,48.72027108004316],[1.7313130868958253,48.720292023840074],[1.7312627478562783,48.72046150257634],[1.7309950905834657,48.720566601810766],[1.7308348544737087,48.72072681568608],[1.7304361861756707,48.72079633748959],[1.7302602674793894,48.72087452518987],[1.7298912294817348,48.720843611475516],[1.7296997768208968,48.72072193410448],[1.7293122776829715,48.72061166210638],[1.7291860068931693,48.72060492015585],[1.7288717023259086,48.720391978490575],[1.7286382226096586,48.720098038470226],[1.7285284139939159,48.720029402564464],[1.7282450529458633,48.719997597459326],[1.7275433561202036,48.719726549982845],[1.7269482512962118,48.719767878432954],[1.726592310289502,48.71975778366926],[1.7263486734675457,48.71982534800939],[1.7261801393151244,48.71993509271996],[1.725943845767313,48.71992447412541],[1.7258533703849679,48.720289623265785],[1.7255369573037578,48.72111112750688],[1.72552051237418,48.721283664534845],[1.725448320049954,48.72140073387631],[1.7252609316865402,48.722171441171774]],[[1.7776611437401435,48.708379217188245],[1.7800458725092136,48.70968727732739],[1.7802890497334427,48.709925444265664],[1.7799699698560925,48.710027428346216],[1.7798414081401204,48.710119666142575],[1.7798256946409166,48.71044334118753],[1.7796874659665256,48.710600247067106],[1.779429069930695,48.710722640340144],[1.778869503754722,48.710761891496894],[1.7786235753461475,48.71064153387377],[1.7783829631417438,48.71064266856512],[1.778141026072515,48.71070046045929],[1.7778388670149943,48.71083409618549],[1.777606907613334,48.71098824038207],[1.7772864781294162,48.7110893039422],[1.7772087486516528,48.71121624248969],[1.7769735954264008,48.711448612982416],[1.7768312429814888,48.71195539553879],[1.776806192406782,48.71198032591781],[1.7766497236340217,48.711986817529514],[1.77618011867776,48.71230493736056],[1.776036185846432,48.71258861593328],[1.7757923933991153,48.71278311452911],[1.7757190718471951,48.71289570453414],[1.7753234617431584,48.71301398219305],[1.7752153760301383,48.7129858864165],[1.774713065220475,48.7132487925563],[1.774712010745577,48.71329375884522],[1.774772237125638,48.71333395719499],[1.7747505001702049,48.71350734562557],[1.7748180677165695,48.7136402721658],[1.7748078049586238,48.713730120982895],[1.7747161051917255,48.7139306766985],[1.7745398660661236,48.71396844652791],[1.7742709611054797,48.71471140431843],[1.774446132895878,48.714893111982775],[1.774256394780801,48.715274367415816],[1.774338503098038,48.71536696405692],[1.774315374900018,48.715483666774404],[1.7743666564616087,48.715615526491334],[1.7743502799653623,48.71613979033392],[1.7746381636683775,48.716790415890195],[1.774602903628995,48.717134577423906],[1.7742257926494576,48.718201155472585],[1.7740862730313838,48.71835354325074],[1.7740170217068212,48.71863978452221],[1.7738471389792094,48.7189852607276],[1.7734684795405515,48.71919006196917],[1.7733542642204398,48.719306727390226],[1.7729067699525018,48.71949012984147],[1.7727226235365918,48.71963216208958],[1.772697574357087,48.71971466193226],[1.7725477508877512,48.719726613940075],[1.7724486030529552,48.71978046582297],[1.772443989700358,48.71991894716913],[1.7722573269904158,48.71999438700798],[1.7722592487499766,48.7200861596139],[1.7720484225192423,48.72020632738375],[1.7716897870994404,48.720541761901195],[1.7714814857368684,48.72067005047968],[1.7713760578906697,48.720817388669694],[1.7713906549067449,48.72089040146614],[1.7713278898470919,48.721015690411825],[1.7712129623095332,48.721104460712894],[1.77078876297223,48.72127909967945],[1.7706517810132694,48.72126509504937],[1.770186180171815,48.72135025120398],[1.7699657369547448,48.721358773574906],[1.769759016457511,48.721419610159245],[1.7687692349063173,48.72159470655552],[1.7685413772048386,48.72157166600903],[1.768522393274578,48.72162724139646],[1.7684005129065101,48.72166466364502],[1.7683196014276799,48.721751983170414],[1.7681721502313625,48.72177834681141],[1.7680594674996788,48.721886927074536],[1.7677330688318447,48.721949223205556],[1.767374666081608,48.72210024202418],[1.7672523391730428,48.722214119122214],[1.767189307927207,48.722350197558484],[1.7670134594735303,48.722369969650345],[1.7669388942263502,48.72241867371585],[1.766497064954918,48.72293583872629],[1.7661814469254176,48.7229442698942],[1.7657578939240686,48.72326282352202],[1.765567832347247,48.72336610337365],[1.7654818599760502,48.72337960660616],[1.7651297972258162,48.7232617229118],[1.7649290320855286,48.723300124382696],[1.7647931929968659,48.72329512028307],[1.7640067319565802,48.72309177781157],[1.7604960203800593,48.72247426321939],[1.758949318279338,48.72228277781309],[1.758426448639277,48.72225934810751],[1.7583701953110333,48.722223680822395],[1.7580889453972866,48.72221625645851],[1.7578986009247342,48.722159403520024],[1.757612225810669,48.72219600206974],[1.7573186462062795,48.722135374743246],[1.7542118333967807,48.7217467635957],[1.753866318209127,48.72175485002743],[1.7537290896817344,48.72180828883617],[1.753635261995899,48.7218091079651],[1.7534608260798057,48.72159859273498],[1.7533293061671242,48.72158372570297],[1.7531811825160148,48.72163794960691],[1.7525534214261322,48.721566621995095],[1.7524072146098566,48.72159747694716],[1.7522155897701324,48.72159457383922],[1.7519813629941352,48.72166768577882],[1.7515536515016354,48.72170189204124],[1.7511407664062977,48.721798320203156],[1.7506778216415801,48.72182765690247],[1.7503583316368274,48.72194125184003],[1.7500042074685445,48.72196812729688],[1.7499002194144861,48.72199582326548],[1.7498027077739302,48.72209375111809],[1.7497934367138028,48.72219710108541],[1.7495875351089591,48.72233617151394],[1.749505659468906,48.72234880666192],[1.749396359824281,48.722314378280295],[1.7492889661217539,48.722427494316115],[1.7487912804836594,48.72248794352897],[1.74810181325106,48.72249510511481],[1.7475936193107995,48.72259681795199],[1.7475078600184568,48.72265798613735],[1.7467643020994958,48.72276622031671],[1.746508422744759,48.72283459648079],[1.7462374838527472,48.72285064055707],[1.7458340934828978,48.723003821239885],[1.7457182783513745,48.72301429802501],[1.7454933779620172,48.72309469165003],[1.7452432330605396,48.723207202859534],[1.744452159153018,48.723198882424235],[1.7437355156542542,48.72326150444956],[1.7435084299462158,48.723376053881566],[1.7432205121593762,48.723645582675616],[1.742942482276989,48.72378658069577]]]}},{"type":"Feature","properties":{"gid":8788,"CdOH":"03C0000002000848208","TopoOH":"la Guéville","SourceNomOH":"IGN;BDCarthage","DateCreationOH":"2017-01-24 15:06:18","DateMajOH":"2025-08-21 14:10:20","StatutOH":"Validé","InfluenceMareeEH":null,"CommentaireOH":null,"ProjCoordOH":"RGF93 / Lambert 93","source":"BD TOPAGE 2026 – Sandre/OFB/IGN","potabilite":"Non renseignée","type_carto":"Cours d’eau"},"geometry":{"type":"LineString","coordinates":[[1.8562441257392246,48.66908366652221],[1.8542435342751609,48.668280036001796],[1.853824241553576,48.668201341449496],[1.8522433029513687,48.668019710783675],[1.8478917848890561,48.66876485161948],[1.847790331279042,48.668561469180425],[1.8474569658876518,48.66822001040142],[1.8470524524846306,48.667964220623475],[1.8467443856509007,48.66703019092047],[1.8463502980214153,48.66642546777324],[1.8462919666059676,48.66623779351632],[1.8460398310073864,48.666032050974586],[1.84342300561275,48.66467353069097],[1.8429809955755059,48.664334601791005],[1.8426424036190894,48.66380236855307],[1.8427133540485938,48.66366452390797],[1.84245273517868,48.6631069593051],[1.8421469155511918,48.66281252854757],[1.84177197073392,48.66275761023935],[1.8413287268452236,48.66278208850116],[1.8385358603028856,48.663126428567196],[1.8379465399440627,48.66312428282506],[1.8374513638022882,48.66298002083806],[1.8371317542333732,48.66275740800939],[1.836209761695376,48.66281497746202],[1.8356977567935664,48.66275600294608],[1.8354045806470685,48.66268836969155],[1.835215430378119,48.66258397036407],[1.834870488336908,48.66246275521391],[1.834624242192032,48.66205644050386],[1.8345402321490345,48.661987251670276],[1.834416268829594,48.66194375963173],[1.8338412203890186,48.661911147602524],[1.8333745987601295,48.66194886111046],[1.8326194177478141,48.66177324718721],[1.83231689569256,48.66163804677307],[1.8321649787030223,48.66163026136464],[1.8317928733340805,48.66138822828084],[1.8316112178812394,48.661313582342785],[1.831205627383371,48.6609902575425],[1.8305989984752504,48.660123415978234],[1.8305397050840317,48.6599816012019],[1.830514491886077,48.65959093892518],[1.830541450101299,48.65905325831351],[1.8302857102221208,48.65816286873605],[1.8302401463344276,48.65807516278522],[1.8299730996046697,48.657872835796255],[1.8297554097529711,48.657649403001706],[1.8294488007590786,48.65721279662422],[1.8292669285970244,48.65678461126107],[1.8290858390477789,48.65656423522973],[1.828673996732464,48.656219248754184],[1.8280222969502564,48.655792739416135],[1.8273659237068467,48.655696325102824],[1.8270963529672855,48.65554704125901],[1.8269655227768637,48.655507971329584],[1.8263989973630086,48.655461912709484],[1.8260613190436206,48.6553830223564],[1.8257200182456934,48.65534457633074],[1.8253724511597764,48.655222406829694],[1.8243964448588095,48.65460736682689],[1.823875518019394,48.654103860314954],[1.8233965085143666,48.65384994853004],[1.8231482345178525,48.65378092814058],[1.8232401306661628,48.65361901176302],[1.8232796606815889,48.65306885942612],[1.8163919531262,48.647904511461356],[1.8139554646703397,48.64579054608877],[1.8083847406831313,48.64462937047845],[1.808317515228723,48.64460081088495],[1.8083431740097895,48.644547092191914],[1.8089816865743182,48.644227825414724],[1.808876597194303,48.64413321763726],[1.8086397784554806,48.64404089101656],[1.8084514604608113,48.64384559620514],[1.8067668878898064,48.64324670289381],[1.806114258679662,48.642935204004296],[1.8057341452865345,48.64281714650346],[1.805553823345892,48.64268849661422],[1.8052628825760364,48.64217281275244],[1.8050707605219887,48.64202605187684],[1.8048612035173073,48.641929492881665],[1.8046223266251475,48.64192799601426],[1.8041021119786993,48.642060412937944],[1.803853158841546,48.64208400195029],[1.8036136233096114,48.64205191034872],[1.8028587283762594,48.64176185580772],[1.8021021910219355,48.64166249332007],[1.8015630926541708,48.6413745998587],[1.800790978731789,48.64124448610316],[1.8005061145681949,48.64111747468992],[1.799781149533317,48.64052993614082],[1.7996468240881176,48.64017234389452],[1.7994534399657094,48.640041963775865]]}},{"type":"Feature","properties":{"gid":8789,"CdOH":"03C0000002000847963","TopoOH":"la Guyonne","SourceNomOH":"IGN;BDCarthage","DateCreationOH":"2017-01-24 15:06:18","DateMajOH":"2025-08-21 14:10:20","StatutOH":"Validé","InfluenceMareeEH":null,"CommentaireOH":null,"ProjCoordOH":"RGF93 / Lambert 93","source":"BD TOPAGE 2026 – Sandre/OFB/IGN","potabilite":"Non renseignée","type_carto":"Cours d’eau"},"geometry":{"type":"MultiLineString","coordinates":[[[1.7894800784721734,48.75293272747361],[1.7908382728174232,48.754669946388105],[1.7932473708760164,48.755264604066085],[1.7964208613441857,48.75598655332425]],[[1.7956107280432405,48.756429037416105],[1.796001455816461,48.756121748726926],[1.7964208613441857,48.75598655332425]],[[1.7964208613441857,48.75598655332425],[1.7971661271245016,48.75605612842899],[1.7978221109473673,48.75604474410988],[1.798337761610336,48.755983370828076],[1.7984817460702565,48.75599291520115],[1.798559339781301,48.75593163005596],[1.798754821715181,48.755949787759164],[1.798854011097042,48.75589591570484],[1.798937121969772,48.75589045512636],[1.7991086081460121,48.75600551743957],[1.7992586123682233,48.75598993527336],[1.7993200907907474,48.75591949254813],[1.799437038698595,48.75592156788076],[1.8001858131573167,48.75595697820699],[1.8003735653303317,48.756015533301984],[1.8009199135323066,48.75603901072143],[1.8010317281358708,48.75608690767703],[1.8012080611408794,48.756228101195425],[1.8014310156902307,48.756234836727664],[1.8014171797336094,48.75642269425495],[1.801942809459448,48.756815655119155],[1.8020223963953343,48.75684523768067],[1.802112432881359,48.756834447339614],[1.8023702139767743,48.756983652017084],[1.8024650530329456,48.75694142694754],[1.802576686608463,48.75693804886432],[1.8026766118281536,48.75708926789551],[1.8029460596242435,48.75726377433557],[1.803017650419653,48.75740481445597],[1.8033953562914982,48.75754532426252],[1.8036890236024323,48.75755366355852],[1.8039519230895438,48.75759857359408],[1.8051531041972444,48.75790023797358],[1.8056416254793695,48.75789523035958],[1.8061454729565856,48.757755448620124],[1.8063389843141855,48.757741192000864],[1.8071297898135994,48.757784174561515],[1.8073625482634867,48.75789803761704],[1.8078171886998466,48.75788728572081],[1.807970429400517,48.75784923737048],[1.8081314972269322,48.75776629184378],[1.8081518122818014,48.75771072547195],[1.8082234433502877,48.75767186226961],[1.8085421024106771,48.75759858434085],[1.8085734417885073,48.75753683137085],[1.8090490903777214,48.75743993221051],[1.8090979467655264,48.75738554981434],[1.8092128139682926,48.75735971021798],[1.8092109489599222,48.75726254538374],[1.8092890716321113,48.75723723880673],[1.8094199384119576,48.757285317724175],[1.809759610583942,48.75718526099412],[1.8101816182727282,48.75681527349114],[1.8103893949369005,48.756712101736184],[1.8107186472479115,48.756710883750735],[1.8113129747732657,48.75653959930103],[1.8115419687541572,48.75640065664964],[1.811496728018268,48.75635613076694],[1.8119659597587119,48.75618179896431],[1.8124458651873527,48.75589693263892],[1.812681244783085,48.75565640746497],[1.8129243024909298,48.75549691339691],[1.8132685571928724,48.755314137989785],[1.813697125576944,48.75519246593874],[1.8142280142823906,48.75469851460911],[1.8148800222421768,48.754501699615034],[1.8150985867263114,48.754341957989844],[1.8152897710049822,48.75430967381368],[1.8153977127307608,48.754228889872046],[1.8161144016657191,48.754058795413044],[1.816512059235551,48.75391971625771],[1.816759990863136,48.753964449961494],[1.8176090716910422,48.75395487049711],[1.8178569755527638,48.7541210345755],[1.8181167669650073,48.75412270669246],[1.818486139124474,48.75439171543852],[1.8189507057811891,48.754542030659195],[1.8192626700839085,48.75452262820956],[1.8193299439151602,48.754495408813554],[1.8196260431560423,48.754214992759756],[1.8203064393715953,48.75420552551576],[1.8212261643033099,48.75438101621258],[1.8218745093427604,48.754345138048585],[1.8220575111432427,48.754554728453606],[1.8222011713812805,48.75457863307205],[1.8225971584904643,48.754754343071305],[1.8229384142048413,48.75470283776759],[1.8240969200525863,48.754847378011455],[1.8242034517492334,48.754828637997036],[1.824405414847539,48.75486120952395],[1.8246855505981872,48.75486576610165],[1.8248355982738729,48.75442468806439],[1.824942857516736,48.75437357249003],[1.8250317111150658,48.754414924398574],[1.825258437654849,48.754435145144186],[1.8255600739257232,48.75451187133984],[1.8262881655136611,48.75437780836547],[1.8263751693489225,48.7543804625157],[1.8264448618530431,48.75442702204453],[1.8265974118085406,48.754418626674294],[1.8266976668746118,48.75437643572817],[1.8268484928292859,48.75438421412563],[1.8269367090990418,48.75433290968924],[1.827092611557247,48.75435692867622],[1.8273590364618557,48.75430557524505],[1.8275410630277265,48.75431725716874],[1.8277663160786228,48.75440312227854],[1.8278288662576996,48.75446490239248],[1.827839370449492,48.75454236260851],[1.828171974737246,48.75451234550775],[1.8283140757571563,48.75454522245677],[1.8285173155986727,48.75470283018877],[1.828615301584166,48.754701092934695],[1.8286541788195312,48.754726660326085],[1.8287448565240831,48.75486877140883],[1.8289133419192276,48.754999052484244],[1.8291011631924394,48.7550557638542],[1.8294276401901388,48.75529913129403],[1.829929451931806,48.75554961290326],[1.8302215203523116,48.75562893186925],[1.829543583032647,48.756559567529855],[1.8295823705769751,48.756649897627916],[1.8297343513592101,48.75672784455155],[1.8300181645169415,48.756811580466504],[1.8302367930226047,48.756768747325715],[1.8305308936680782,48.756818401821704],[1.8306859591973603,48.756880186734016],[1.8308737811956677,48.757119493387215],[1.830747450491524,48.75723249283612],[1.8303547123521726,48.757456219911816],[1.830230838047363,48.75758093633873],[1.8300585319262455,48.75762062530714],[1.8301866172845602,48.75803654876824],[1.830277335127955,48.75811659321588],[1.8304066819349756,48.758172729479874],[1.8305887629561148,48.75818260811769],[1.8310618685774158,48.75813686816203],[1.8321855514455616,48.757166509695246],[1.832516990815202,48.75712837354493],[1.8337620478632253,48.75766494665527],[1.83494137454363,48.758038955544826],[1.8347501244800444,48.75837889847103],[1.8348602891019765,48.75850230494275],[1.8356253436034906,48.75890824382592],[1.8354814931101269,48.75937997623294],[1.8355673391135712,48.75980087790752],[1.8353676548722662,48.76003662781136]]]}},{"type":"Feature","properties":{"gid":76200,"CdOH":"03C0000002000848221","TopoOH":"Canal 09 de Rambouillet","SourceNomOH":"BDCarthage","DateCreationOH":"2017-01-24 15:06:18","DateMajOH":"2024-09-20 06:17:19","StatutOH":"Validé","InfluenceMareeEH":null,"CommentaireOH":null,"ProjCoordOH":"RGF93 / Lambert 93","source":"BD TOPAGE 2026 – Sandre/OFB/IGN","potabilite":"Non renseignée","type_carto":"Cours d’eau"},"geometry":{"type":"LineString","coordinates":[[1.795114168862337,48.652387097644095],[1.7963430330461643,48.651673551021915],[1.796078563392523,48.65000934388977],[1.7960360918822766,48.64890512136836],[1.7963402313230405,48.64790065554931],[1.789023269311279,48.65039934183136]]}},{"type":"Feature","properties":{"gid":127758,"CdOH":"03C0000002000848204","TopoOH":"le Guyon","SourceNomOH":"IGN;BDCarthage","DateCreationOH":"2017-01-24 15:06:18","DateMajOH":"2024-09-20 06:17:19","StatutOH":"Validé","InfluenceMareeEH":null,"CommentaireOH":null,"ProjCoordOH":"RGF93 / Lambert 93","source":"BD TOPAGE 2026 – Sandre/OFB/IGN","potabilite":"Non renseignée","type_carto":"Cours d’eau"},"geometry":{"type":"LineString","coordinates":[[1.859385678271831,48.72300077521063],[1.8583337325632814,48.72497595633607],[1.8575166605144253,48.72640376883035],[1.8573277152688066,48.72652609340092],[1.8569171764574708,48.726709261712536],[1.8565061416325694,48.72685284507092],[1.856447847648819,48.72690715711114],[1.8564011388967776,48.72705333095098],[1.8561784408516677,48.7271645360377],[1.8561034398948535,48.72723667813358],[1.8561125817796689,48.72731592330828],[1.8559253441398234,48.72748413738697],[1.855699353160871,48.72762139600568],[1.855466484448895,48.727948386386814],[1.8553081054466827,48.72804041723568],[1.8551465333928745,48.72821607233443],[1.8551278539913842,48.72844796853469],[1.8550203210830312,48.72863943356784],[1.8548958858743523,48.728671521855],[1.8547176426409957,48.72886320765687],[1.854572559185759,48.728906791181984],[1.8543716772860002,48.7290766707816],[1.8541389639308055,48.72964383063135],[1.8539896178944528,48.729819601384285],[1.8532031867655032,48.730400330976664],[1.8533952359963652,48.730571285040504],[1.8535602208322466,48.730612448575734],[1.8536144583834528,48.73068133270863],[1.853612491853186,48.73157633132414],[1.8534940539480003,48.73170652284769],[1.8529183868802925,48.7319762432559],[1.8527662157941855,48.73209441615403],[1.852765599960182,48.7321843616785],[1.8526925751571188,48.73228980245895],[1.8527490582180908,48.73238029680662],[1.8523483334155544,48.73279471852691],[1.8523160250195552,48.733027381978005],[1.8519034847273472,48.733236599333196],[1.8513170443905125,48.7336240445572],[1.8511753851031911,48.733758507743104],[1.8517777410201735,48.73425543791757],[1.8530624401511497,48.73575738141819],[1.8533830156588718,48.736021319562695],[1.8534486262760261,48.73612989113979],[1.853572566429036,48.73661681750012],[1.8536543383896988,48.73716630428712],[1.854165844455992,48.737468053702464],[1.8545443734818832,48.73750856649779],[1.8549132494784308,48.73743114968653],[1.856126088058171,48.73824783889277],[1.8565374165068602,48.73846766185073],[1.8569057144137038,48.738789615258035],[1.856917539510373,48.7388706842622],[1.8570941195590898,48.73888047057483],[1.8571618883634928,48.73895308006111],[1.8573246752321577,48.73897172906195],[1.8573658609486567,48.739016199202794],[1.8575152284039171,48.739026623916054],[1.8577700826201966,48.7391262096408],[1.8584853616193386,48.739315651729925],[1.8594492026058662,48.739644189699106],[1.8596400101766386,48.73987448745291],[1.8600100365724375,48.740492384888334],[1.8602075840670496,48.74066337844115],[1.8603798561334597,48.74068391276203],[1.8603933607758547,48.74075060516317],[1.8604892729712574,48.74078030492471],[1.8605628075937426,48.74090064116689],[1.860591791316304,48.74106822597331],[1.860562522550543,48.741225360194264],[1.860495985546936,48.74134525891604],[1.8603963967829642,48.74142166579779],[1.8602299968924336,48.74187972470451],[1.8602506144597506,48.74193209287122],[1.8600576746131112,48.74248434603286],[1.8600622013687997,48.74265079770801],[1.859938708543258,48.7430121189613],[1.8598300096687996,48.74306954870073],[1.8598277073693383,48.743112702941765],[1.8596506505640813,48.74324863606286],[1.8595524121381861,48.74326298923816],[1.8590776076482445,48.7435184094653],[1.8589505809699876,48.7436053468938],[1.8589655229421884,48.743668455017946],[1.858924021605045,48.743700440519596],[1.8586166289130137,48.743701100111785],[1.8584868454228953,48.74385187550245],[1.8584785326506532,48.743921057856156],[1.858319124291209,48.743995991421],[1.8582483842369169,48.74418331130817],[1.8581446090124976,48.74426417369088],[1.8576298203158945,48.74448142649586],[1.8574765236628679,48.74471203159244],[1.8574565437269797,48.74481708233766],[1.8575141132754966,48.74492107619685],[1.8574822096873977,48.745011620765375],[1.8576468325278406,48.74513372952913],[1.8576933273782061,48.74524661233428],[1.857671990182294,48.74541371580932],[1.8577255009590012,48.74551677116474],[1.8578198663567427,48.745617518829945],[1.858065296192652,48.74577638008037],[1.8581097218055935,48.745859559259564],[1.8580780968457677,48.74599957922912],[1.8581095169463424,48.74611771460377],[1.8591901785251406,48.74652112797637],[1.8595894443606766,48.74673632533078],[1.8597242387781812,48.74685454802481],[1.8596860145282164,48.74698551021927],[1.8597389810025216,48.74711374532676],[1.8600179651520494,48.74748070751129],[1.8600808501102652,48.74765311265938],[1.8601861227657908,48.747753062822646],[1.860277928735,48.74778452225416],[1.8603650129154006,48.74790768564244],[1.8603978833470505,48.74808430155561],[1.860395872843471,48.748301062036255],[1.8602653817978345,48.748546279618004],[1.860254524081535,48.74879443807132],[1.8599221377057817,48.74937773877814],[1.859797282812048,48.74967607996318],[1.8593838922996728,48.75016865533545],[1.8589798764013712,48.75035638851938],[1.858750052341127,48.75054038840047],[1.8587867753369696,48.75060280483423],[1.8586784954243347,48.75070251377064],[1.8586353880441382,48.751367730813506],[1.8585909279082784,48.75147254714029],[1.8586409416663678,48.751984839719405],[1.858550840513525,48.75224843083401],[1.8586099967202083,48.75234254408825],[1.8591673905392654,48.75266899147129],[1.8592719163960183,48.752678985055226],[1.8604440614566577,48.75307336286167],[1.8616540044710357,48.75341951639325],[1.8623828036903944,48.753497522147505],[1.8625722902477755,48.7535416035681],[1.862686543097446,48.75360475705817],[1.8631110156352368,48.75372753266109],[1.8635705675185343,48.75392619822241],[1.8639788219016253,48.75416934870995],[1.86403597435354,48.7542310581086],[1.864045015599877,48.754315696682575],[1.8642339297537223,48.75444881997632],[1.8642953995706983,48.75474983597596],[1.864388483700312,48.754910831331856],[1.8645128205345316,48.75501095813201],[1.864687117074144,48.755628769071144],[1.8647659858444448,48.75575544805778],[1.865101939211812,48.75600870069632],[1.8651319066939955,48.75625724576836],[1.8657254304451023,48.75655252173339],[1.8658295084776135,48.75664615807667],[1.8658014324882397,48.757124421714586],[1.8663408604645195,48.75897170353321],[1.8664650672966705,48.759141087407684],[1.866813767384585,48.75930990303978],[1.867037558604097,48.75952970313596],[1.866964843956031,48.75974579053249],[1.8668093761947528,48.759888233924336],[1.8666967838373034,48.7599357379965],[1.8662687688330444,48.76002347951474]]}},{"type":"Feature","properties":{"gid":50645,"CdOH":"03C0000002000848195","TopoOH":"Cours d'Eau 08 de la Commune des Mesnuls","SourceNomOH":"BDCarthage","DateCreationOH":"2017-01-24 15:06:18","DateMajOH":"2024-09-20 06:17:19","StatutOH":"Validé","InfluenceMareeEH":null,"CommentaireOH":null,"ProjCoordOH":"RGF93 / Lambert 93","source":"BD TOPAGE 2026 – Sandre/OFB/IGN","potabilite":"Non renseignée","type_carto":"Cours d’eau"},"geometry":{"type":"LineString","coordinates":[[1.8346798745353372,48.75963660864194],[1.8346635474938993,48.75994137844392],[1.8350200296968788,48.760036730247634]]}},{"type":"Feature","properties":{"gid":8232,"CdOH":"03C0000002000848209","TopoOH":"la Guesle","SourceNomOH":"IGN;BDCarthage","DateCreationOH":"2017-01-24 15:06:18","DateMajOH":"2025-08-21 14:10:20","StatutOH":"Validé","InfluenceMareeEH":null,"CommentaireOH":null,"ProjCoordOH":"RGF93 / Lambert 93","source":"BD TOPAGE 2026 – Sandre/OFB/IGN","potabilite":"Non renseignée","type_carto":"Cours d’eau"},"geometry":{"type":"MultiLineString","coordinates":[[[1.7758875644009473,48.67628638516544],[1.775387451981598,48.676528631138275],[1.77490027151341,48.67685646706256],[1.7743559681979362,48.67736092903354],[1.7724370141670347,48.68052476146387],[1.758945732967648,48.67962586153497],[1.758721483272949,48.67957315118045],[1.758168450812938,48.67935059579832],[1.757884026036337,48.67914343036729],[1.757706180127584,48.67913887875566],[1.757550629002325,48.679053597767115],[1.7571709412083465,48.67902535214431],[1.75679888826805,48.67879028339577],[1.7564065107336992,48.67843895660079],[1.7560615999320603,48.6776914120301],[1.7556580073959895,48.677355258041054],[1.7555774355057407,48.67725906233219],[1.7555196532749515,48.677061452644644],[1.7551625660668047,48.6769974533795],[1.7548647230095469,48.676841415678275],[1.7546739046273025,48.67681153590459],[1.754233774279554,48.676812335275756],[1.7539642920613883,48.676891380398175],[1.7535690618444966,48.676889048277],[1.7534444801165947,48.67681577985703],[1.753365950233254,48.67680506344492],[1.753184224126109,48.67690661415535],[1.7525843473966132,48.67677080063798],[1.7519283066580231,48.67671175952384],[1.7518787036838355,48.67668425302455],[1.7519611500325043,48.67641704290843],[1.7519564579426488,48.67627216227548],[1.7513685295749866,48.67609148879012],[1.7510517459895056,48.67581919770998],[1.7509018025020497,48.67578434255159],[1.7506538597154104,48.67564410954899],[1.7505208402966066,48.67564001681268],[1.750185766045376,48.675735457960116],[1.7500998428647458,48.6756931767175],[1.7498626772329058,48.67549998005528],[1.7497270518064478,48.67515042199146],[1.749652552967971,48.675084871223255],[1.749411968891426,48.67497799697875],[1.749241094452821,48.67485296248607],[1.749152156342281,48.674823242943674],[1.7489589578018598,48.6748365085531],[1.74815661464757,48.67425145774517],[1.7476567739571116,48.674080685974175],[1.7475228333305688,48.67417193534084],[1.747363391206244,48.674136975818996],[1.7466777729575915,48.67412347293886],[1.7465643727509952,48.67409439382745],[1.746504019468181,48.67400560068746],[1.7463604216010826,48.673933024144866],[1.7454192622127733,48.67353090768296],[1.745270341705854,48.673510449280144],[1.7450783592701422,48.67335999816496],[1.7449217215099515,48.673378139942905],[1.7440026899643961,48.67313007278013],[1.7433625458906221,48.6730900424023],[1.7418552861629804,48.672846551508755],[1.7409715281621279,48.67310889432087],[1.7407235813745725,48.67297043905402],[1.740524074453076,48.672963833586934],[1.7400584862487236,48.673064164640394],[1.7395707419554731,48.673294698627856],[1.7392719665328156,48.67334911247122],[1.73896322462469,48.673309863905445],[1.7385541735966485,48.67337480396955],[1.7376588670659636,48.67321419784774],[1.7372320100012582,48.673285241903194],[1.737108448441357,48.67322725952071],[1.7369696992648809,48.673010790052544],[1.7369172614783068,48.672988644569024],[1.7367295200466837,48.67300104858131],[1.7360239505102746,48.67313930184119],[1.735779675346575,48.67313041461479],[1.7356701951712952,48.67305188969701],[1.7353973822555933,48.67304359860295],[1.7348914835727591,48.67273237377349],[1.7339678275597206,48.67250936768752],[1.7336704947328943,48.67239196291575],[1.7331612426578396,48.672275903896995],[1.733007537728342,48.6722850654027],[1.7329334194300439,48.672260888544265],[1.7322925039611248,48.67180518365208],[1.7319384617502545,48.67133813355527],[1.7318968128140393,48.67098325513554],[1.7316394277423992,48.67050733648486],[1.731382487797103,48.670293200443616],[1.730745215397856,48.66946509725569],[1.7305009061425307,48.66934644940864],[1.7303320645226248,48.6691962198471],[1.7295228840541415,48.668736906747],[1.7284980388935207,48.66865761117328],[1.7282626964110903,48.668561543829874],[1.7280408688538624,48.66852409323593],[1.7279277770392152,48.668539078974625],[1.7276967321108638,48.66860138330296],[1.727415076524653,48.66873421410227],[1.727068928181063,48.66934043667677],[1.726584117664495,48.66933795744717],[1.7260183708353334,48.66853218149903],[1.7256757713989206,48.668156091128736],[1.7256039644739551,48.66798170342744],[1.7258619069829426,48.66754006537916],[1.7260665401195743,48.667279573363246],[1.726231291514481,48.66715089398448],[1.7264354832702453,48.66690838829795],[1.7265256870598187,48.66666196573445],[1.7265080362373857,48.66649445404168],[1.7262768038736673,48.66606288043403],[1.72591712240267,48.66510637324612],[1.7257752639275832,48.66502029557593],[1.721253443838869,48.663608992876895],[1.7190506452070402,48.66289085606929],[1.7186619612530631,48.66273644654012],[1.718461967288707,48.66275138859761],[1.7179247051586142,48.66289674203365],[1.7176894206482496,48.66285552854733],[1.717412421449346,48.66268792294263],[1.7173763797955992,48.66255169680736],[1.717223710868488,48.66229816819025],[1.7168529464540123,48.661801200917765],[1.716378834928702,48.66164226555323],[1.7161564712937787,48.66151752598834],[1.715571161853812,48.661297116777],[1.711946527124546,48.66124990408712],[1.7105810813903195,48.66149782117774],[1.707901934953137,48.66132667105665],[1.7062607710251203,48.66064226835938],[1.7060007120192473,48.660450530217766],[1.7056880652249566,48.660408452782036],[1.705377733998535,48.66027284176066],[1.7053238760701446,48.660199389499404],[1.7052459598282768,48.66016525805284],[1.7050414092597426,48.660199919159695],[1.7048227934914861,48.66019934284776],[1.7045923392226185,48.660128469009194],[1.7043229181163007,48.659986103040175],[1.704157341105257,48.65987275301106],[1.704112966043411,48.65980030285485],[1.7038130146927633,48.659629716219975],[1.7035913762706971,48.659586823729896],[1.7026320689400305,48.65911849036602],[1.7022293281189493,48.65898636283918],[1.7021942361938562,48.65892300893144],[1.7020287079966065,48.6588627325147],[1.7018765364225221,48.658756721889844],[1.701461488341978,48.65840945384841],[1.7010787392857178,48.65829283324514],[1.7007130985206194,48.65825286370735],[1.7006248470396197,48.65814305023004],[1.700612292938896,48.65793780503237],[1.700555796085154,48.6578616228079],[1.7004832494963602,48.65783024545067],[1.7001839349827468,48.65796282067438],[1.7000000000000006,48.65787500884711]],[[1.7843320912699256,48.67548221556929],[1.782976123467989,48.67526417910873],[1.7827672011827427,48.675253050523395],[1.7822634227086906,48.67530457885979],[1.7814082646070633,48.675512637529835],[1.7811517486530415,48.67550371835832],[1.7806412336831798,48.675377955672964],[1.7803726168872274,48.67542198569925],[1.7801328685981412,48.675509489880035],[1.7798194785260786,48.675551261401594],[1.7783518256923447,48.675579411003206],[1.7765185467906046,48.67602389047734],[1.7758875644009473,48.67628638516544]],[[1.7843320912699256,48.67548221556929],[1.7840350174818422,48.67569868098729],[1.7837024793158478,48.67615496883501],[1.7834656355627976,48.67629288514094],[1.782820974498562,48.67621074159228],[1.7826403964584332,48.67626557075724],[1.7822622902535135,48.67646141378727],[1.7817234842227239,48.67649998817354],[1.7812054999074476,48.67663592646619],[1.780914817983024,48.67663565326895],[1.780791908046729,48.67660561021867],[1.7796026380268142,48.67611217282426],[1.77946046590815,48.676092726033026],[1.7787564243807952,48.676110704333546],[1.7784646051004998,48.67604294572396],[1.7780119136816304,48.675826008086204],[1.776772750210333,48.676131748612995],[1.7758875644009473,48.67628638516544]],[[1.8012612517764746,48.662726794337644],[1.799698681246058,48.663356964716385],[1.798640115934185,48.66374121392377],[1.7978257358578098,48.66378158008992],[1.797381511525587,48.66384726581637],[1.7970659993091511,48.663925943441555],[1.796914851692916,48.66400268105099],[1.7963143550614873,48.664131554867794],[1.7962857442484672,48.66584675620596],[1.796342840161559,48.66608032259957],[1.7965833262358821,48.666252770314856],[1.7972881708015942,48.66660711979585],[1.7980657696583897,48.66734181851938],[1.798114740999013,48.66745655809594],[1.798115878180254,48.66817532833642],[1.7980038162657586,48.66856011503427],[1.7968828229888558,48.669527540923205],[1.7965661086858715,48.66971595283146],[1.7957938691384991,48.67004549381451],[1.7950952229870818,48.6701868636306],[1.7948650177262397,48.670216021624775],[1.794097655501305,48.67021545816024],[1.7932847601310933,48.67012806993759],[1.7927970036320604,48.67019419773531],[1.7925877131424905,48.670258646452304],[1.7919525447099758,48.67059135011715],[1.7916284840389207,48.67103785162232],[1.791444053087472,48.67149566304496],[1.7908352299651926,48.672450231227984],[1.7904996490257423,48.67280665528804],[1.7901896246302027,48.67305628882774],[1.7898386035037317,48.6734926159812],[1.7880761105371092,48.67434819458843],[1.787950283405258,48.6744440689544],[1.7861968378329927,48.67537527553668],[1.7843320912699256,48.67548221556929]]]}},{"type":"Feature","properties":{"gid":11805,"CdOH":"03C0000002000848136","TopoOH":"Fossé 05 de la Commune de Saint-Léger-en-Yvelines","SourceNomOH":"BDCarthage","DateCreationOH":"2017-01-24 15:06:18","DateMajOH":"2024-09-20 06:17:19","StatutOH":"Validé","InfluenceMareeEH":null,"CommentaireOH":null,"ProjCoordOH":"RGF93 / Lambert 93","source":"BD TOPAGE 2026 – Sandre/OFB/IGN","potabilite":"Non renseignée","type_carto":"Cours d’eau"},"geometry":{"type":"LineString","coordinates":[[1.789740592639842,48.74210522922498],[1.784851544500638,48.744719935005286],[1.7846081395362186,48.74471745732314]]}},{"type":"Feature","properties":{"gid":12397,"CdOH":"03C0000002000848207","TopoOH":"la Drouette","SourceNomOH":"IGN;BDCarthage","DateCreationOH":"2017-01-24 15:06:18","DateMajOH":"2025-08-21 14:10:20","StatutOH":"Validé","InfluenceMareeEH":null,"CommentaireOH":null,"ProjCoordOH":"RGF93 / Lambert 93","source":"BD TOPAGE 2026 – Sandre/OFB/IGN","potabilite":"Non renseignée","type_carto":"Cours d’eau"},"geometry":{"type":"LineString","coordinates":[[1.8999999999999995,48.666747726973526],[1.8986329406924543,48.66663124075906],[1.8959471205191483,48.66616021429341],[1.895620159050938,48.666144591685914],[1.8941714057341628,48.66619502904496],[1.8936366317086335,48.666052434333174],[1.89261586005087,48.665580582495835],[1.8909494115902254,48.66488232368926],[1.8899897930072758,48.66460262374131],[1.8892713342861838,48.66460582618681],[1.887232148996673,48.66470734790775],[1.88496864130707,48.66545711880997],[1.8844022512431293,48.66558855241781],[1.88180992729749,48.66354744585722],[1.8814815648576628,48.66296324764462],[1.8808166310196464,48.66256029876705],[1.8792927819455643,48.66174626845745],[1.879204931428573,48.66153674354625],[1.8797644273829002,48.65918964124566],[1.8825898498620828,48.658314799626346],[1.883505954589975,48.65782682472928],[1.8837662649434814,48.65733630068972],[1.8838575545687903,48.65649426155492],[1.8837886535799242,48.654696279732505],[1.8841883172370093,48.65352788416164],[1.8846177356252285,48.6531918668562],[1.88483147994053,48.65265502498702],[1.8849486620550635,48.651934666265404],[1.884754305900716,48.65188067242483],[1.8848062134023067,48.651228969438264],[1.8845862077566782,48.651104568683664],[1.8844889546488226,48.65108116905539],[1.8842484654236125,48.65108971243573],[1.883971168106438,48.65116897673633],[1.883226166152012,48.65159738959153],[1.883012816531015,48.65167005437186],[1.8824525066764877,48.65171427749192],[1.8819984080545247,48.65168033223619],[1.881515435495635,48.65153636655216],[1.8810112196358684,48.651433579677565],[1.8807456879735263,48.65140679756527],[1.8802025149261141,48.651411589914666],[1.8799073131731092,48.65150237099318],[1.8786596980460355,48.65206816252188],[1.8784791341632863,48.65200439289369],[1.8779423783504572,48.651709678057074],[1.8772684671437936,48.6511635874816],[1.8771286746441056,48.651161370754025],[1.876908724420638,48.651224966777406],[1.876268323596178,48.651458215727104],[1.8760666163375266,48.65149409549443],[1.875881676181375,48.65144467373184],[1.8757873492292076,48.651348429226175],[1.8758074124694222,48.65098339208682],[1.875726013681517,48.65079101516935],[1.875468658588794,48.65057358892117],[1.8750897644174056,48.65038919856255],[1.8740669130819836,48.65009887148108],[1.8734638072313199,48.649798111197775],[1.8730214412218107,48.64966169095212],[1.8721331485248145,48.64955433339535],[1.8709602261495195,48.64929944116707],[1.8704080989357954,48.64921684509265],[1.869825029275334,48.64905838867053],[1.8694285431935196,48.648809943092985],[1.869194998398864,48.64856034378771],[1.8688724911236694,48.64834408337326],[1.8685876648563182,48.64808050228711],[1.8683366574151583,48.64782263908192],[1.8674005665170392,48.646664086025986],[1.8670830789852981,48.64646765866227],[1.86657604435983,48.64605982591369],[1.8658268152087862,48.645740543058174],[1.8654689533015396,48.64552843398143],[1.8653846719862792,48.64534591660056],[1.8653248095881598,48.64435041228234],[1.8652806033620564,48.64419796238261],[1.865178126699212,48.64410343013259],[1.8649078639647467,48.643983910378985],[1.8644518320980552,48.64391749401025],[1.8638938647239973,48.64379432998818],[1.863242420195829,48.64360010425595],[1.8624253010055285,48.64322167834328],[1.8616192522362993,48.64270931479029],[1.8612051578695663,48.642525441321155],[1.8593406972236919,48.64212078587],[1.8590385767307913,48.64203153316562],[1.8589288983326582,48.641956717062136],[1.8588586719454254,48.64181570964096],[1.858660832069291,48.640928625301555],[1.8583434844268985,48.640027680298644]]}},{"type":"Feature","properties":{"gid":15004,"CdOH":"03C0000002000847937","TopoOH":"la Mauldre","SourceNomOH":"IGN;BDCarthage","DateCreationOH":"2017-01-24 15:06:18","DateMajOH":"2025-08-21 14:10:20","StatutOH":"Validé","InfluenceMareeEH":null,"CommentaireOH":null,"ProjCoordOH":"RGF93 / Lambert 93","source":"BD TOPAGE 2026 – Sandre/OFB/IGN","potabilite":"Non renseignée","type_carto":"Cours d’eau"},"geometry":{"type":"LineString","coordinates":[[1.8778923771071074,48.7339838762363],[1.8854164344900903,48.73486842549387],[1.8858499683164451,48.73481670344924],[1.8864331463118156,48.73488960841801],[1.8896764678825406,48.735716783879305],[1.8904516636106008,48.73603342190965],[1.8904848002533496,48.73620193739189],[1.8907018096996036,48.736356870135204],[1.8911188330679753,48.73644259977333],[1.891921159129004,48.736442854283574],[1.8922385495286114,48.73628928631637],[1.8925269723732625,48.736219102700524],[1.8926200036718483,48.73625684548499],[1.8926876468452811,48.73633752891192],[1.8927908868656917,48.73659934289086],[1.8928853037816198,48.73670006360852],[1.8937610843483663,48.73714893998465],[1.8941136675184769,48.73745264119007],[1.8944505782816305,48.73766174823825],[1.8947834972940127,48.737931084025576],[1.8951983686167948,48.738376580331156],[1.895441985837304,48.73856053428612],[1.895595980216905,48.73873826156286],[1.8955761076155315,48.73890628463783],[1.8956343551116872,48.73898148219693],[1.8959061015839587,48.73899299090143],[1.8960247188119066,48.739236053967375],[1.8958431579001025,48.73939718460673],[1.8958814769466135,48.739514474258144],[1.8964244628366684,48.74026967925083],[1.8968389194970627,48.74157328810315],[1.8968921507097298,48.7416286494793],[1.8968764634871282,48.74172744951116],[1.8964132260333932,48.7418311081301],[1.8963289503629432,48.741893294027335],[1.8963006439953702,48.74200996730282],[1.8960606613838145,48.74216785934217],[1.8957640233797317,48.74230363887892],[1.895499418465403,48.74266099089916],[1.8954039006874224,48.74274016259881],[1.8952795898862047,48.74276599732991],[1.895251252717524,48.74281970506413],[1.8953279023982277,48.743118148543715],[1.8952310047052696,48.743198206814455],[1.8951603512375943,48.743323482825986],[1.8949210718669838,48.74351196194948],[1.8949168297284835,48.74358388258118],[1.8949497400169302,48.74363545863224],[1.8951579599384405,48.74375791856799],[1.8951959482956084,48.743826632005344],[1.8951015110814498,48.743983170268756],[1.8951815002882193,48.744188096632335],[1.8952700496737969,48.744245584425784],[1.89560078062196,48.74429901621837],[1.8956325794698363,48.744338888283465],[1.8955932300773997,48.74439879064972],[1.8957101369262872,48.744530299243685],[1.8957524058079318,48.74465392140246],[1.895853537389892,48.74469533414308],[1.8959841953254015,48.74469114545578],[1.8960957875648392,48.744752443666876],[1.8962407968173884,48.74490579946085],[1.8964739580929777,48.74500689953725],[1.8965857057874789,48.745189630826054],[1.8964330352524743,48.74539870205745],[1.8958836947423958,48.74564908019873],[1.8952948548571664,48.74603041686509],[1.8949873190774862,48.746487213676524],[1.8948771458474063,48.74674434939526],[1.895102588098206,48.747081947948516],[1.8955327030535865,48.747517685484674],[1.8956898909300355,48.74773861633554],[1.8958297058153868,48.74807362214055],[1.8957443638649403,48.74825003339104],[1.8954330441942286,48.74856377590593],[1.895022313887966,48.74946126892092],[1.8950093960821042,48.7496860228798],[1.8951641626365698,48.749957303208184],[1.8952791659459813,48.750500761859016],[1.895244536178394,48.75078737977253],[1.8951315868685352,48.751111051624896],[1.8950286249960844,48.751219836972204],[1.8943856853255343,48.75164744091451],[1.893509904296504,48.75208547680253],[1.8925579981830867,48.752456237820674],[1.8920775413238196,48.75291771773999],[1.8919662812594493,48.753352938857695],[1.8919922201825679,48.7541177471218],[1.892287631467727,48.754428113712784],[1.8925606820783063,48.75463842864714],[1.892622391730603,48.754935832743726],[1.8925955960814034,48.75498055876133],[1.8923239496116269,48.755088676569585],[1.8922559498280807,48.75515190958486],[1.8922435668050972,48.755286718221846],[1.8924079927925495,48.75580814851872],[1.8927664575498,48.756289101628546],[1.8928343285730518,48.75668100861893],[1.892779722388394,48.75720310522398],[1.8923209752214856,48.75798590311164],[1.8921856810151272,48.758399311968844],[1.8922276803489044,48.75847166057361],[1.8925538015773022,48.75848997656935],[1.8924701764679357,48.7589047641845],[1.8920179999155269,48.75944116151093],[1.8918895472472266,48.76000651542547]]}},{"type":"Feature","properties":{"gid":17273,"CdOH":"03C0000002000848160","TopoOH":"Canal 05 de Rambouillet","SourceNomOH":"BDCarthage","DateCreationOH":"2017-01-24 15:06:18","DateMajOH":"2024-09-20 06:17:19","StatutOH":"Validé","InfluenceMareeEH":null,"CommentaireOH":null,"ProjCoordOH":"RGF93 / Lambert 93","source":"BD TOPAGE 2026 – Sandre/OFB/IGN","potabilite":"Non renseignée","type_carto":"Cours d’eau"},"geometry":{"type":"LineString","coordinates":[[1.7835477404135944,48.661961702257074],[1.7881333635029755,48.65992138976009]]}},{"type":"Feature","properties":{"gid":29016,"CdOH":"03C0000002000848117","TopoOH":"Rigole des Yvelines","SourceNomOH":"IGN;BDCarthage","DateCreationOH":"2017-01-24 15:06:18","DateMajOH":"2024-09-20 06:17:19","StatutOH":"Validé","InfluenceMareeEH":null,"CommentaireOH":null,"ProjCoordOH":"RGF93 / Lambert 93","source":"BD TOPAGE 2026 – Sandre/OFB/IGN","potabilite":"Non renseignée","type_carto":"Cours d’eau"},"geometry":{"type":"LineString","coordinates":[[1.8145152068272847,48.742530122424945],[1.817573160845799,48.74382786133334],[1.8193565877785927,48.74357206022775],[1.8209331087511231,48.74326291718941],[1.8220597283085782,48.742699251019985],[1.8232673409490252,48.74216155888003],[1.823433367651366,48.74203636413735],[1.8236265859797425,48.74185116981833],[1.8241864989738794,48.74114517190918],[1.8260400383256372,48.739216868390436],[1.8261724646175765,48.7386496780251],[1.824271769156795,48.735968407808016],[1.8215733740428304,48.73194703820369],[1.8211785814926023,48.73124421254869],[1.8207716696426601,48.73029569604729],[1.8203467848920842,48.72893951604143],[1.8201865784935884,48.72892893722964],[1.8192050099992698,48.728441583466555],[1.8187698479356142,48.7279632285994],[1.8185550767190086,48.7277802985063],[1.8182891559199428,48.7276346415326],[1.8170967816802024,48.727211746768816],[1.8163498174874033,48.7268742153415],[1.814788663876212,48.725867444875405],[1.8146808647801607,48.72576472784513],[1.8162489728250506,48.72496442225336],[1.8173015928603196,48.72453139231168],[1.8196535957426745,48.723753200581406],[1.8196136937325018,48.7236538579924],[1.8234709606303705,48.7224389083678],[1.8233808823185922,48.722333675121526],[1.8244979886853683,48.72199027083226],[1.8256858106065523,48.72152431682409],[1.8330450376862655,48.71902026494744],[1.8481304562850314,48.71416366930296],[1.8565022779883573,48.711377399208715],[1.8570616299348615,48.71115877601495],[1.8580686481701056,48.71066917962278]]}},{"type":"Feature","properties":{"gid":67345,"CdOH":"03C0000002000848253","TopoOH":"Fossé 02 du Gâteau","SourceNomOH":"BDCarthage","DateCreationOH":"2017-01-24 15:06:18","DateMajOH":"2024-09-20 06:17:19","StatutOH":"Validé","InfluenceMareeEH":null,"CommentaireOH":null,"ProjCoordOH":"RGF93 / Lambert 93","source":"BD TOPAGE 2026 – Sandre/OFB/IGN","potabilite":"Non renseignée","type_carto":"Cours d’eau"},"geometry":{"type":"LineString","coordinates":[[1.7822030533699462,48.65106749930694],[1.7821836140117526,48.65102771875641],[1.7809897639790346,48.65168750446924],[1.7799476577722368,48.65137007994964],[1.7793113696312142,48.6512915965849],[1.778550899692268,48.651007630288255],[1.7781871281817203,48.65082938070567],[1.7778437238819367,48.65076738588234],[1.7773473106581126,48.65045553351028],[1.776062231661236,48.64949957055949],[1.7758919027198339,48.64900394556368],[1.7758524670707707,48.648716570871365],[1.7757917994599892,48.64817619273528],[1.7758082562004343,48.6474728809422],[1.7759164694035507,48.64685147474242],[1.7762300217491314,48.64598299000025],[1.7763252947106005,48.64515994083585],[1.7762994856532432,48.64504452775825],[1.7756141166305035,48.644688444296264],[1.7747672088732296,48.644332494834316],[1.7744634836623332,48.64425920274869],[1.7742798239940443,48.64416015725655],[1.7741658785482044,48.64398266437227],[1.7737266746819331,48.64378203307817],[1.773509931977833,48.64364666200968],[1.7726740395829566,48.64276454674181],[1.7724915136052097,48.64267540551939],[1.7722796942291577,48.642504098872024],[1.7708180849664175,48.64092732759516],[1.7707177389841868,48.640865119601976],[1.7703769861417697,48.64040460730296],[1.770156706384234,48.64030517695667],[1.770066475037041,48.64021698441424],[1.7696149642587204,48.64003809060888]]}},{"type":"Feature","properties":{"gid":74676,"CdOH":"03C0000002000848114","TopoOH":"Canal 01 de la Breloque","SourceNomOH":"BDCarthage","DateCreationOH":"2017-01-24 15:06:18","DateMajOH":"2024-09-20 06:17:19","StatutOH":"Validé","InfluenceMareeEH":null,"CommentaireOH":null,"ProjCoordOH":"RGF93 / Lambert 93","source":"BD TOPAGE 2026 – Sandre/OFB/IGN","potabilite":"Non renseignée","type_carto":"Cours d’eau"},"geometry":{"type":"LineString","coordinates":[[1.8374329011140274,48.70052819280946],[1.8415227139641717,48.69896410142108],[1.8418988725575718,48.69928259379967],[1.8419410301588577,48.6992812040237],[1.8437264218649256,48.69867784105675],[1.8439767145200794,48.69792914959554],[1.8456356518197121,48.69812602437668],[1.8458671875976955,48.69822541547135],[1.846007118174797,48.698473243758954]]}},{"type":"Feature","properties":{"gid":76148,"CdOH":"03C0000002000848108","TopoOH":"Fossé 01 de Buttes du Gîte","SourceNomOH":"BDCarthage","DateCreationOH":"2017-01-24 15:06:18","DateMajOH":"2024-09-20 06:17:19","StatutOH":"Validé","InfluenceMareeEH":null,"CommentaireOH":null,"ProjCoordOH":"RGF93 / Lambert 93","source":"BD TOPAGE 2026 – Sandre/OFB/IGN","potabilite":"Non renseignée","type_carto":"Cours d’eau"},"geometry":{"type":"LineString","coordinates":[[1.766580375972147,48.65571872210853],[1.7642242574486757,48.65492696485103],[1.7637818469358808,48.654572436338334],[1.763632976167143,48.654494426879445],[1.763395097712798,48.65421848361169],[1.7632227726399874,48.65409884910637],[1.7630419281208873,48.65388017104835],[1.7628504574006338,48.6533645176692],[1.7625908523657199,48.65303167269195]]}},{"type":"Feature","properties":{"gid":76159,"CdOH":"03C0000002000848119","TopoOH":"Fossé 02 de la Commune de Rambouillet","SourceNomOH":"BDCarthage","DateCreationOH":"2017-01-24 15:06:18","DateMajOH":"2024-09-20 06:17:19","StatutOH":"Validé","InfluenceMareeEH":null,"CommentaireOH":null,"ProjCoordOH":"RGF93 / Lambert 93","source":"BD TOPAGE 2026 – Sandre/OFB/IGN","potabilite":"Non renseignée","type_carto":"Cours d’eau"},"geometry":{"type":"LineString","coordinates":[[1.8079064297788825,48.67426206804126],[1.809897233021918,48.674162315512184],[1.8100784927947808,48.67425498096724],[1.8122953889552476,48.674247401415634],[1.8141324496482827,48.67427828262148],[1.8193840961875467,48.67317266483136],[1.8211074128954987,48.67161997672945],[1.821271274708276,48.67158111656364],[1.8223568015904712,48.67078313482164],[1.8226367449733516,48.67053492087648],[1.8234421630004432,48.6696891837912],[1.8234610248240188,48.6695148539076],[1.8233155497482618,48.66946124312942],[1.8231110008196831,48.66949790528004],[1.8230299341323335,48.66947911356908],[1.8227309569699555,48.66924587202997],[1.8225831095183351,48.6690564021725],[1.822707197308739,48.668913696879514],[1.8225079995978826,48.66780795907612],[1.8229856991190307,48.66752211609492],[1.823756662718878,48.6663944697874],[1.8240140224892296,48.6661829114961],[1.8245755332751152,48.66585291031471],[1.8248181513753323,48.665269682413374],[1.8248583759396297,48.664930041371484],[1.8249552609987714,48.66460715107345],[1.8253080865536415,48.66401421320158],[1.8257499502716346,48.66399157990639],[1.8258731796418881,48.66376520233532],[1.8259211840416916,48.66374408548377],[1.8263412557889354,48.66366366280361],[1.8271004511584787,48.663418356373526],[1.8286813182178432,48.66280510175689],[1.8292635198491898,48.662518460972805],[1.830214850997397,48.66218146638695]]}},{"type":"Feature","properties":{"gid":80128,"CdOH":"03C0000002000848109","TopoOH":"Fossé 01 de la Commune de Gazeran","SourceNomOH":"BDCarthage","DateCreationOH":"2017-01-24 15:06:18","DateMajOH":"2024-09-20 06:17:19","StatutOH":"Validé","InfluenceMareeEH":null,"CommentaireOH":null,"ProjCoordOH":"RGF93 / Lambert 93","source":"BD TOPAGE 2026 – Sandre/OFB/IGN","potabilite":"Non renseignée","type_carto":"Cours d’eau"},"geometry":{"type":"LineString","coordinates":[[1.7670530599753278,48.65594221305296],[1.769290776563899,48.65813424487649],[1.7718834888417339,48.65978923759912],[1.7758772782148622,48.66123367250586],[1.7764664844768479,48.66164633337157],[1.7774650405292138,48.662498587583215],[1.7778471971614525,48.66334631293998],[1.7777394982097219,48.663945228218054],[1.777812008134832,48.66520088435484],[1.778468942102655,48.66585621422066],[1.7795964153398025,48.666484873165636],[1.779299772807472,48.666858758493284],[1.7789131970378265,48.66724521543183],[1.7788030199202176,48.6673106554215],[1.7781896663298176,48.66752116817982],[1.7783497501213066,48.66776119668579],[1.7783376061703058,48.667815946389595],[1.7781708746425113,48.66791858837698],[1.7772959495725973,48.66816329779303],[1.7765680296215955,48.66845178974959],[1.7758920042280109,48.66855369833561],[1.7755272649960796,48.668701980690464],[1.7754364802302556,48.66869295193331],[1.7745228598151905,48.66884908511917],[1.773849245066846,48.66925326457061],[1.7735554615594569,48.669386977943724],[1.7732657769713407,48.669403787888754],[1.773062579599554,48.669497051721706],[1.7729635137397657,48.669609378628195],[1.7727221545271825,48.66976611895422],[1.7722908681240124,48.67014489727527],[1.7721288602254628,48.67016122019166],[1.771980268140149,48.67024245054194],[1.7716930616720619,48.67026917756829],[1.7712374058932099,48.67041291170981],[1.771003355564048,48.67054723448776],[1.7705460602206244,48.670933834480515],[1.7704690204210378,48.670917747140074],[1.7704099971234397,48.67094412562628],[1.769987952764245,48.671275313351465],[1.7697712691330738,48.67136393453655],[1.76964002636582,48.6714579350514],[1.7694627766195008,48.67177545472043],[1.7692186387688493,48.67193395834725],[1.7691411533630483,48.67193675664583],[1.769100180201843,48.67188865612541],[1.769037970553933,48.671877218881576],[1.7689125350579338,48.671897513400644],[1.7685863908789428,48.67207765822451],[1.7684192265053427,48.67225494678117],[1.7683071491905127,48.67263071065912],[1.767818625568185,48.673015178113985],[1.7676146683499692,48.67337020085733],[1.7677309467352142,48.67431505563197],[1.7677016906437646,48.674461383679166],[1.7677197092400114,48.67461899523207],[1.7680473802852692,48.67512434332752],[1.7680899327152326,48.67539375522859],[1.7685275613525258,48.67572931901995],[1.7688096932929067,48.67586177126407],[1.7689481948941121,48.67597924624362],[1.7693769916138744,48.67605563881741],[1.7694801195601262,48.676117874138264],[1.7695878018113402,48.676390656102505],[1.7696348007127642,48.676702392807215],[1.769602547133751,48.6770340016828],[1.7695019004114019,48.67732802221429],[1.7697087033911123,48.677949060878674],[1.7701261025248354,48.67862624552293],[1.770376773335928,48.67888430872475],[1.7706457266853257,48.67900042788898],[1.770785413455351,48.67918358106203],[1.7708468464058436,48.679921860826624],[1.7705028783128793,48.680395985226916]]}},{"type":"Feature","properties":{"gid":86809,"CdOH":"03C0000002000848262","TopoOH":"Bras 01 de la Commune de Gazeran","SourceNomOH":"BDCarthage","DateCreationOH":"2017-01-24 15:06:18","DateMajOH":"2024-09-20 06:17:19","StatutOH":"Validé","InfluenceMareeEH":null,"CommentaireOH":null,"ProjCoordOH":"RGF93 / Lambert 93","source":"BD TOPAGE 2026 – Sandre/OFB/IGN","potabilite":"Non renseignée","type_carto":"Cours d’eau"},"geometry":{"type":"LineString","coordinates":[[1.7499812081176136,48.654290839573136],[1.745953453556501,48.658902105626034],[1.7513980524742578,48.65932540224458],[1.7514975204228844,48.65931115127594],[1.7574713837601703,48.655635793201476],[1.7599129243569034,48.65476883161484],[1.7613464742018254,48.65357649092212],[1.7627677881988306,48.652956145046645],[1.7628510196004705,48.65288144355657],[1.7629422639082477,48.652869796516455],[1.763014125260751,48.65281656705029],[1.7630199413126135,48.65274286100517]]}},{"type":"Feature","properties":{"gid":86590,"CdOH":"03C0000002000848188","TopoOH":"Fossé 02 de la Commune de Gazeran","SourceNomOH":"BDCarthage","DateCreationOH":"2017-01-24 15:06:18","DateMajOH":"2024-09-20 06:17:19","StatutOH":"Validé","InfluenceMareeEH":null,"CommentaireOH":null,"ProjCoordOH":"RGF93 / Lambert 93","source":"BD TOPAGE 2026 – Sandre/OFB/IGN","potabilite":"Non renseignée","type_carto":"Cours d’eau"},"geometry":{"type":"LineString","coordinates":[[1.7598244924906232,48.66388251764945],[1.7638707475760422,48.666209484840564],[1.7658198264258533,48.6666605800146],[1.7671462553256723,48.667600872488954],[1.7677831831885982,48.66817869036825],[1.7680275503517227,48.66829816127527],[1.7682018459434778,48.6685095640988],[1.7682997235321969,48.66873636943897],[1.7692348863945258,48.6695700409372],[1.769314882251709,48.6697489829983],[1.7696919528220383,48.66994358541745],[1.7704099971234397,48.67094412562628]]}},{"type":"Feature","properties":{"gid":89210,"CdOH":"03C0000002000848158","TopoOH":"Canal 07 de Rambouillet","SourceNomOH":"BDCarthage","DateCreationOH":"2017-01-24 15:06:18","DateMajOH":"2024-09-20 06:17:19","StatutOH":"Validé","InfluenceMareeEH":null,"CommentaireOH":null,"ProjCoordOH":"RGF93 / Lambert 93","source":"BD TOPAGE 2026 – Sandre/OFB/IGN","potabilite":"Non renseignée","type_carto":"Cours d’eau"},"geometry":{"type":"LineString","coordinates":[[1.7764269659231353,48.65770485510283],[1.782256489669602,48.65507120675952]]}},{"type":"Feature","properties":{"gid":90947,"CdOH":"03C0000002000848254","TopoOH":"Canal 08 de Rambouillet","SourceNomOH":"BDCarthage","DateCreationOH":"2017-01-24 15:06:18","DateMajOH":"2024-09-20 06:17:19","StatutOH":"Validé","InfluenceMareeEH":null,"CommentaireOH":null,"ProjCoordOH":"RGF93 / Lambert 93","source":"BD TOPAGE 2026 – Sandre/OFB/IGN","potabilite":"Non renseignée","type_carto":"Cours d’eau"},"geometry":{"type":"LineString","coordinates":[[1.789023269311279,48.65039934183136],[1.78645394689996,48.65136185050498],[1.786089984425454,48.65154165925339],[1.7837902419158387,48.652350328360356],[1.7822030533699462,48.65106749930694]]}},{"type":"Feature","properties":{"gid":92909,"CdOH":"03C0000002000848170","TopoOH":"Cours d'Eau 01 de la Vesgre","SourceNomOH":"BDCarthage","DateCreationOH":"2017-01-24 15:06:18","DateMajOH":"2024-09-20 06:17:19","StatutOH":"Validé","InfluenceMareeEH":null,"CommentaireOH":null,"ProjCoordOH":"RGF93 / Lambert 93","source":"BD TOPAGE 2026 – Sandre/OFB/IGN","potabilite":"Non renseignée","type_carto":"Cours d’eau"},"geometry":{"type":"LineString","coordinates":[[1.742211127190775,48.72395158622989],[1.7421027284715143,48.723992722053524],[1.7416482065654746,48.724348645684984],[1.7414193463782592,48.72442359267475],[1.7409672624351507,48.72450877794936],[1.7406964215575544,48.72452031286777],[1.740107830160486,48.72440255740314],[1.7397367436837536,48.724455310150276],[1.7392603878724315,48.724363023264665],[1.7384151875755987,48.72434329668295],[1.7381195761486683,48.724367157451304],[1.7375369744509443,48.72433940660172],[1.736868413455757,48.72421179361712],[1.7366606319731925,48.724145726764554],[1.7289170087663706,48.72456454391689],[1.7286592104193284,48.72459867901472],[1.7286042028367041,48.724568408106634],[1.728525538970343,48.72394598634728],[1.7263166734670208,48.723981801277915],[1.723926582696003,48.724089400185036]]}},{"type":"Feature","properties":{"gid":92911,"CdOH":"03C0000002000848190","TopoOH":"Fossé 01 des Fléaux","SourceNomOH":"BDCarthage","DateCreationOH":"2017-01-24 15:06:18","DateMajOH":"2024-09-20 06:17:19","StatutOH":"Validé","InfluenceMareeEH":null,"CommentaireOH":null,"ProjCoordOH":"RGF93 / Lambert 93","source":"BD TOPAGE 2026 – Sandre/OFB/IGN","potabilite":"Non renseignée","type_carto":"Cours d’eau"},"geometry":{"type":"LineString","coordinates":[[1.7768737066480693,48.69649528354731],[1.776264932249402,48.695392481035704],[1.7762882888793508,48.695207412172024],[1.7762420455361416,48.695035122503356],[1.7761444849390255,48.69490728402233],[1.7752851037595365,48.69441090283283],[1.7752024493981808,48.69416897282195],[1.775096351306501,48.69411570890233],[1.7745789189008392,48.69398805379935],[1.7743366696941083,48.693888412328924],[1.7737235035785115,48.69355557000617],[1.7726611807536643,48.69250295405115],[1.7717101151014454,48.691805899608724],[1.7710780465393177,48.691122919214],[1.7709001072671111,48.690773855264055],[1.7708094293867456,48.69046976882733],[1.770849886173156,48.69025159258651],[1.770838022633488,48.68977380349423],[1.7712419005952609,48.688834325728905],[1.7712135597153478,48.68853717831195],[1.7709948005624474,48.687555300623316],[1.7709947056766115,48.68744375386461],[1.7711102572477135,48.68709411516464],[1.7710507725670528,48.6866770043822],[1.7710757504958952,48.686423584902364],[1.7715152930965674,48.68610427096985],[1.7717461402263948,48.68553092804706],[1.7717041278980694,48.68541085326942],[1.7719001941899983,48.68550822650529]]}},{"type":"Feature","properties":{"gid":99157,"CdOH":"03C0000002000848129","TopoOH":"Fossé 01 de la Bichonnerie","SourceNomOH":"BDCarthage","DateCreationOH":"2017-01-24 15:06:18","DateMajOH":"2024-09-20 06:17:19","StatutOH":"Validé","InfluenceMareeEH":null,"CommentaireOH":null,"ProjCoordOH":"RGF93 / Lambert 93","source":"BD TOPAGE 2026 – Sandre/OFB/IGN","potabilite":"Non renseignée","type_carto":"Cours d’eau"},"geometry":{"type":"LineString","coordinates":[[1.8655472912479067,48.695007661174365],[1.8660148285954128,48.69494014405357],[1.8663107679157314,48.694827816177686],[1.8668491799662879,48.694750174975894],[1.8672979221517556,48.69473464764662],[1.8673998838963837,48.694794985630075],[1.8675127000726988,48.69479335827731],[1.868909565345243,48.69466718487276],[1.8693797638233898,48.694790382438185],[1.8694703346517485,48.694874898233536],[1.8699638904908455,48.69580340303088],[1.8703409944859053,48.69614790072527],[1.8709354554970832,48.696495354364124],[1.871528470598429,48.69665838577201],[1.8719996442009714,48.69673750441242],[1.873067880974188,48.69704444981661],[1.873783586993836,48.697126771010566],[1.874840753712315,48.69731755538952],[1.8753165638095257,48.69749745271088],[1.8761924748271304,48.698029239275044],[1.876373407582918,48.698083116992144],[1.8779785780545526,48.698321312431695],[1.8788720574493436,48.698416069346294],[1.8794485766909463,48.69839989796528],[1.8795919545659727,48.69843092952643],[1.8796693282254882,48.698498221953265],[1.8797855619520158,48.69871790084011],[1.8799336525548858,48.69884612608333],[1.8806813584622075,48.69914909207711],[1.8808862267831146,48.699291341872446],[1.8814336323939476,48.69987397786294],[1.88148564213355,48.70004717620336],[1.8821122932494956,48.70022935943363],[1.8821750226054625,48.70091809076739],[1.8832591054049912,48.7011261422798],[1.8832341033759465,48.70166023089413],[1.8832943680382472,48.702274276379725],[1.8831988824762806,48.702608908018135],[1.8826545619635997,48.7032145929967]]}},{"type":"Feature","properties":{"gid":107036,"CdOH":"03C0000002000848125","TopoOH":"Rigole du Bois des Vaux","SourceNomOH":"IGN;BDCarthage","DateCreationOH":"2017-01-24 15:06:18","DateMajOH":"2024-09-20 06:17:19","StatutOH":"Validé","InfluenceMareeEH":null,"CommentaireOH":null,"ProjCoordOH":"RGF93 / Lambert 93","source":"BD TOPAGE 2026 – Sandre/OFB/IGN","potabilite":"Non renseignée","type_carto":"Cours d’eau"},"geometry":{"type":"LineString","coordinates":[[1.8860984490679062,48.68707671597772],[1.8850611062782283,48.68844872028099],[1.8849902374645235,48.688522719734245],[1.884736406728009,48.688639085820206],[1.8830026621735407,48.6892804250149],[1.8794062434940024,48.68997981271125],[1.874988348704724,48.69203865009333],[1.8717418243007382,48.693447247813594],[1.8707970144226793,48.693342954768475],[1.8702442991708332,48.6934546607736],[1.868681451696642,48.69403174454182],[1.8677792913146034,48.69396561297133],[1.8675436853765528,48.69399036233521],[1.8671755906977605,48.69417217217723],[1.8663399566076802,48.69429646482614],[1.8660911268736424,48.69436696224657],[1.8650904787072162,48.69483150290747]]}},{"type":"Feature","properties":{"gid":107350,"CdOH":"03C0000002000848126","TopoOH":"Aqueduc de Vieille-Église","SourceNomOH":"BDCarthage","DateCreationOH":"2017-01-24 15:06:18","DateMajOH":"2024-09-20 06:17:19","StatutOH":"Validé","InfluenceMareeEH":null,"CommentaireOH":null,"ProjCoordOH":"RGF93 / Lambert 93","source":"BD TOPAGE 2026 – Sandre/OFB/IGN","potabilite":"Non renseignée","type_carto":"Cours d’eau"},"geometry":{"type":"LineString","coordinates":[[1.854917870515517,48.68784825040232],[1.8554949116301782,48.68755513988268],[1.8563193973750196,48.68719153652842],[1.856396723611515,48.68719677584659],[1.8567622168770548,48.68744405789547],[1.856825960199217,48.68744916671287],[1.8592599086204573,48.68561310780062],[1.8672518510440348,48.682000241380486],[1.8692016440997539,48.68116597427662],[1.869451955604848,48.68077254546015],[1.870156277358941,48.6803024593769],[1.8703521414365394,48.679725003996914],[1.870939513869722,48.67982591995007]]}},{"type":"Feature","properties":{"gid":14816,"CdOH":"03C0000002000847965","TopoOH":"Ruisseau des Ponts Quentin","SourceNomOH":"IGN;BDCarthage","DateCreationOH":"2017-01-24 15:06:18","DateMajOH":"2024-09-20 06:17:19","StatutOH":"Validé","InfluenceMareeEH":null,"CommentaireOH":null,"ProjCoordOH":"RGF93 / Lambert 93","source":"BD TOPAGE 2026 – Sandre/OFB/IGN","potabilite":"Non renseignée","type_carto":"Cours d’eau"},"geometry":{"type":"LineString","coordinates":[[1.8212888890657883,48.72117422783948],[1.818089215415612,48.722289478308234],[1.8062728840565991,48.72630249572133],[1.8028102588009183,48.72753164601907],[1.7964998128954255,48.730372748490765],[1.7930999954503015,48.73145113090138],[1.7925936189016147,48.73153326337756],[1.792485015447377,48.73158433714758],[1.7920036761314793,48.73170090238619],[1.7916700800191752,48.73183785152394],[1.7915948863118707,48.731972918536705],[1.791489249616925,48.7320132271376],[1.7914110240876,48.73216175619644],[1.7912122412054794,48.73229017428953],[1.7909582533412387,48.73233617610405],[1.7907778082723216,48.73243599443354],[1.7903395443831704,48.73257097988056],[1.7901454553003862,48.73261398891952],[1.790044472675716,48.73257068761877],[1.7897611045950905,48.73271083916093],[1.789762927537412,48.73274953720657],[1.789430912271557,48.73293507044815],[1.7878786805519014,48.733374476700384],[1.7870435716426056,48.733557591832835],[1.7864783116054983,48.733773129277516],[1.7862449361373975,48.733867905000956],[1.7861698080952204,48.73394090201905],[1.7860221015690383,48.73397717986717],[1.7858404294502657,48.73418761975345],[1.7855708457678792,48.73431890633003],[1.7854665173888655,48.734361021974514],[1.7852899033642722,48.73435382761615],[1.7849526954625163,48.7345860708209],[1.7844661865359908,48.734747529395435],[1.7841579848416547,48.73490180713477],[1.7838402032572938,48.735000215985536],[1.7833578263867242,48.73521748264196],[1.7832940110321074,48.73521323407913],[1.7832039636938843,48.73528427808347],[1.7826432269804637,48.735537623507774],[1.7816202644282773,48.735901388227155],[1.7815309857273802,48.73599762546941],[1.781378041693271,48.73602484889923],[1.7813069990115402,48.73615545403655],[1.7810011468074483,48.73626657047903],[1.7807006635230258,48.73643890857593],[1.7806199282432524,48.73663507947409],[1.780480472803448,48.73666693716899],[1.7804745406572424,48.73680450361515],[1.7804057417654928,48.73683888211297],[1.780272317753807,48.73678714553384],[1.7801906159317709,48.73679170779774],[1.7800991904337347,48.73697967335896],[1.7799939549047286,48.73700198544461],[1.7797649385940235,48.73696726172757],[1.779658427401203,48.736985962385795],[1.7794514816701685,48.737112478343576],[1.7793129347893897,48.73704719547256],[1.7792143916987846,48.737074072928436],[1.7790899672419473,48.73733546111523],[1.7789833919795357,48.73735685908908],[1.7787369732421594,48.73731026161054],[1.7784115981124495,48.737383391724315],[1.7782051054682044,48.7373740821786],[1.7777206080005459,48.73762188815238],[1.7773930753285616,48.737554667814116],[1.7772007498162918,48.73763725299839],[1.7768108343937032,48.737620664827105],[1.776342937464369,48.73774000354732],[1.7753391546887776,48.73809401649631],[1.7747795827072324,48.73835273415554],[1.7745429699863269,48.738525712319394],[1.7745555414588121,48.738627487455794],[1.7744262244309674,48.738748494946556],[1.7744283195293653,48.738833071589134],[1.7741934803436819,48.73881446890976],[1.7735486563347187,48.73888070698411],[1.7732198747331218,48.73886653431244],[1.7730315396359393,48.7390103213623],[1.7724030735873906,48.73965331539733],[1.771985988794285,48.739981848808256],[1.7717598410287203,48.74022958936775],[1.7715986214592958,48.740318782222396],[1.7711904358566966,48.7407310598713],[1.7709745083279573,48.7408331815479],[1.7704826211934008,48.74116093943081],[1.7690011963610708,48.74192555768045],[1.7688668038238724,48.74208788465637],[1.76880247238427,48.74210521163088],[1.7687604533137533,48.74221451984227],[1.7684621459289542,48.742349069576775],[1.768428451739024,48.74239369803017],[1.768353199437218,48.74241271114194],[1.7683495466806682,48.74245225237781],[1.7680699955571628,48.742541119070225],[1.7673218061984466,48.7430083429636],[1.7672274311086054,48.74303075599885],[1.7671026308480053,48.74301687392717],[1.7659682540525494,48.74319225384103],[1.765915372640633,48.743127841230404],[1.764794839460545,48.74266019553196],[1.764815216018804,48.74260373651137],[1.7647698160569452,48.74251061605861],[1.7645730365217895,48.74249238844412],[1.7645791563109297,48.742463667084834],[1.7647270080956867,48.742422919529204],[1.7646836276768683,48.74230193475068],[1.7645373313381505,48.74221946387359],[1.7643864647279253,48.74221520390346],[1.764154711716706,48.742295560995025],[1.7636227327756728,48.74236111492171],[1.763575735161134,48.74239301096409],[1.7635495959394296,48.7425204723299],[1.763292637444725,48.742688719818716],[1.762631803181605,48.7432557669691],[1.7623294242282517,48.74356116831115],[1.7622345500630983,48.743948777768516],[1.7624932192008151,48.744053105182466],[1.7624928484706888,48.744183531836406],[1.7623492015721094,48.74416135378005],[1.762313314306929,48.744183469752535],[1.762454429246569,48.744255095237286],[1.7624218114023384,48.744311426912084],[1.762379253010041,48.744328076624555],[1.7622878532196105,48.7442821530582],[1.7622662156077042,48.744391670237015],[1.7623666651844052,48.7444574770798],[1.7623428240155734,48.74448781361836],[1.7624071689338492,48.74464229863264],[1.7622915223019497,48.74464379831182],[1.762245412645904,48.74469549244894],[1.7621460408263345,48.744698959759035],[1.7622207354124526,48.74481847087207],[1.7619417630326286,48.74482457341613],[1.7619115866892687,48.74489262401418],[1.7618309531736724,48.744908878669875],[1.7617291497723113,48.745014865715426],[1.761681449935148,48.745018868569204],[1.7615710814956764,48.744912479885066],[1.7615209394163316,48.744904763577374],[1.7613803142194289,48.745041830808596],[1.7612725203958741,48.74534295115714],[1.7611071236695302,48.7454347850176],[1.760975987478616,48.74563041898869],[1.7606392062281608,48.74555046418742],[1.760480628187651,48.74564146844588],[1.760441272277058,48.74569503102756],[1.7604749198578327,48.74576734195176],[1.7603040891795656,48.74597335727472],[1.7604543685630103,48.7460028027317],[1.7604272805694015,48.74616983211928],[1.7602246943635989,48.74628106803419],[1.7601166905697103,48.746304233473296],[1.7599864450223897,48.746290287513986],[1.759944752865184,48.746327634298346],[1.7599619752844948,48.74640427232528],[1.7599265910080921,48.746462373560846],[1.7600264863676327,48.74655156398711],[1.7600502230471593,48.74652572445249],[1.7601879730755479,48.74651006412968],[1.760266645219129,48.74657654597348],[1.7603766006070751,48.74658578335118],[1.7603654377301907,48.74665493041847],[1.7602604091454948,48.746667332650006],[1.7604064698367647,48.74681726986695],[1.7603564262863667,48.74686262574019],[1.7602532268814388,48.74685525754348],[1.760055997879958,48.746740769503425],[1.7599730256550234,48.746740807282016],[1.759921379969478,48.74685361026571],[1.7597337629540217,48.74684986236833],[1.7596046336108224,48.746903391535675],[1.7596456495339623,48.74700906137416],[1.7595206494989353,48.74700326509791],[1.759425451918157,48.74705984517229],[1.7594147150129529,48.74711100618497],[1.7595775136440022,48.7471288890276],[1.7595956544208435,48.74716685729001],[1.7595433526620765,48.74724996914673],[1.7594246385819812,48.74726582653686],[1.7593766220777456,48.74739755685332],[1.759389123392194,48.747501131397414],[1.759352022282673,48.74751693720965],[1.7592162489542695,48.747506531087716],[1.7591715734541395,48.747440401931435],[1.7590662651602127,48.747464493959356],[1.7590103556453982,48.74735597059309],[1.7588995652295452,48.747381804530086],[1.7588270565068753,48.74745661034811],[1.7587460629822074,48.7474305818121],[1.7587298384401429,48.74736924585717],[1.758386006127512,48.74735667551281],[1.758342789811396,48.747343632816516],[1.7583311158395754,48.747262554705365],[1.7582718378943347,48.747238550713256],[1.7581759451451962,48.74738147638596],[1.7581161110201324,48.74738085402669],[1.7580278357874555,48.747317868977355],[1.7579686556788174,48.7473469374729],[1.7575539181223598,48.74734172275847],[1.757290917594635,48.7473048038596],[1.7571781445540828,48.74724246269495],[1.7570033431220096,48.74721455690549],[1.7568864702570872,48.74726731123729],[1.7565583149365072,48.74728188442316],[1.7562001987130331,48.74741218257452],[1.7561297855689415,48.74739885574097],[1.7559316193206431,48.74743816890822],[1.756037077751898,48.747522023500004],[1.7560223435201374,48.7475695444978],[1.7558854564843949,48.74760589797546],[1.7558763857836233,48.747701152480275],[1.7557779917814225,48.74777748577749],[1.7555651342293663,48.74774828179188],[1.7555318542089895,48.74777492048342],[1.7554591068251497,48.74774537758779],[1.7553949568927751,48.74775460359196],[1.755314393366435,48.74771058682138],[1.7552772051222838,48.74772998854724],[1.75526985761864,48.74780996914808],[1.7552149265638177,48.747831884433616],[1.7551439342128834,48.747842838003585],[1.755009190129534,48.74778926091381],[1.7549275206721782,48.74784867705171],[1.754527639291631,48.74790477409334],[1.7544294145567887,48.747973911903266],[1.7544931527386003,48.748096011901644],[1.7544530510733285,48.74812347864889],[1.7542258859514759,48.74812380715967],[1.7541558800459816,48.748093392562104],[1.7541735638442866,48.74797933815904],[1.7541278428839882,48.747957272611984],[1.7537943502539166,48.74796728495538],[1.75368391333349,48.74792115622877],[1.7534256865647135,48.74791216376819],[1.7532349243480638,48.7478121242815],[1.7530467391262547,48.74777507775581],[1.7529481420411845,48.7476319238678],[1.7528329544612455,48.74755696007449],[1.7527353660783687,48.747542447841674],[1.75261881913403,48.74746746962983],[1.7524886156604467,48.74745171691495],[1.7523416734127757,48.74733954050384],[1.7521816667174588,48.74737564815954],[1.7521322114091995,48.747339150473145],[1.7521363066283795,48.747281623992954],[1.751957342195083,48.747257265360105],[1.751821516976164,48.74713530975895],[1.751737383181277,48.74718390376996],[1.7515132213843696,48.74717256471444],[1.751501568405312,48.74720482558743],[1.7512910316204469,48.74724939884908],[1.7510371462997618,48.74722965234166],[1.7507294779001994,48.74729749553392],[1.7505728695360274,48.74747576080308],[1.750507355108242,48.74742830013603],[1.750331548936461,48.74749932126624],[1.750245812715654,48.74750112240812],[1.7496199663991634,48.74779141135656],[1.7494627192654324,48.7478257452487],[1.7493692382052246,48.747923713296906],[1.7492794000781986,48.74792637030512],[1.7491374798415054,48.7480022422511],[1.7489894037293792,48.74799439416298],[1.7489801240221543,48.74804107197295],[1.7490244614527788,48.748064024535324],[1.7489912425341991,48.748087963513804],[1.7488502457481465,48.74806849567216],[1.7488154298192393,48.74810231258747],[1.7488312766049976,48.74817893785061],[1.7487166152650622,48.74819572662742],[1.7486711161493491,48.74827800561225],[1.7485978331121774,48.74827094090045],[1.748575555629157,48.74823562612546],[1.7483761050771736,48.748214645516875],[1.7483487745132986,48.74810641659804],[1.7482282855707494,48.74813933517602],[1.7481176160263643,48.7481030935431],[1.7480854331181808,48.748140535938155],[1.7481208793490108,48.74825064905442],[1.748075420914411,48.74827445944537],[1.7478888576148712,48.748283297314735],[1.7477467369737025,48.748197251900045],[1.7475941710216585,48.74820644587864],[1.7474904306302514,48.74816487922628],[1.747247443498437,48.74820100929068],[1.7471881700777212,48.74823366959575],[1.7471389349951396,48.74841485603115],[1.7470387782057992,48.74845068532726],[1.7469905348561385,48.748533834405],[1.7467873926473056,48.74849662104942],[1.7466020155258795,48.748512665528416],[1.746592841988101,48.74838483736366],[1.746306207626451,48.74836923465349],[1.7460700390514372,48.74846120418741],[1.746038199261486,48.7485409270896],[1.7458674772375729,48.74862638740062],[1.7458819599588997,48.748702998735965],[1.7460385850043012,48.74875141884414],[1.7460664294507853,48.74883806519644],[1.7460263659791617,48.74886373050958],[1.7458386779381716,48.74886265866458],[1.7456876845112752,48.74891954130227],[1.7456395238090852,48.749055762368286],[1.7455232187239502,48.74908422458603],[1.7454725766701535,48.749153855036596],[1.7455109755795628,48.74925410518898],[1.745422319167102,48.749377307372534],[1.7453386728345852,48.74940521305146],[1.745223081640907,48.749347328591895],[1.7450851034988137,48.74937196453662],[1.7449784427048092,48.74950846995078],[1.7448439209399853,48.74944588854304],[1.744753950243561,48.74945393789743],[1.744623177430864,48.749574897666534],[1.7444263999387701,48.74955573766642],[1.7443400545752863,48.749582714747696],[1.744300892778597,48.74968394861216],[1.744096339105237,48.74976185441018],[1.7439277672690507,48.749870722057736],[1.7437278363054245,48.74986951813728],[1.7434677620149983,48.74993694396598],[1.7431830211788109,48.749898865795714],[1.7431355280369452,48.74995053800117],[1.7428279067768002,48.749902323410325],[1.7427704433324005,48.749916110667684],[1.7426982240633886,48.75009075653119],[1.7425929289764166,48.75005726499546],[1.7425470982566735,48.75009636120023],[1.7424087533331303,48.75007961230504],[1.742338920216149,48.75009866618735],[1.7423350908157715,48.750201171085415],[1.742269917379647,48.7502526567124],[1.7421337503658425,48.750258418434925],[1.7420585587537356,48.75033048735451],[1.7419005405668024,48.75039628640392],[1.7417006509837232,48.75039328050748],[1.7416465406484807,48.75032434676472],[1.741490738669194,48.75024174789643],[1.741291494196731,48.75026843225819],[1.7411757417427751,48.75033017831892],[1.7411142070618417,48.75045636181387],[1.741006424691957,48.75046961768186],[1.7409874443214028,48.75052338871926],[1.7410296180694003,48.750579603622676],[1.7409748949813662,48.75059251939585],[1.7407131261447855,48.750504304506656],[1.740638177437897,48.75050981065237],[1.7406164334007845,48.7505653515227],[1.7404689017577815,48.75064745064998],[1.7403477215571113,48.7505957991851],[1.740254073581297,48.750643385237105],[1.7402017734308928,48.75061224976061],[1.7400022086546951,48.7505957516613],[1.7398004300081058,48.750670980868975],[1.7396939927406372,48.75062847953449],[1.7396317314408496,48.75067189879686],[1.7394520013076302,48.75067899666125],[1.739396409211079,48.75072788332854],[1.7395425672141258,48.75075911048992],[1.7395281644277738,48.750792240671416],[1.7393503937878219,48.75083084225906],[1.7393823732445874,48.75091483521827],[1.739279616719207,48.75094523347024],[1.7391431674936026,48.75124423215892],[1.7390276709695185,48.75129518460572],[1.7390483227066775,48.75134127818504],[1.7389721695763842,48.75145291384591],[1.7388097817936086,48.75153035641918],[1.7387786024872063,48.7515821991938],[1.7386461639148385,48.75160238866221],[1.738570031271411,48.75171312475177],[1.7383242797749832,48.75175010710096],[1.7383352065403541,48.75186086339968],[1.7381427976387962,48.751885815741716],[1.7381239007455944,48.751935989100794],[1.7382503947027876,48.75210553587472],[1.7381489858436951,48.75219261707858],[1.738148585297549,48.75226547386336],[1.7383296845485332,48.752370832207326],[1.7383669946228333,48.75245937925127],[1.7382983029409012,48.75259987783398],[1.7380634082428887,48.75275031369976],[1.7382581123773866,48.7529682556473],[1.7382241247127235,48.75302366662429],[1.7382491732481133,48.7531129836005],[1.7382278167978338,48.75315233672039],[1.738148392756652,48.75317398536662],[1.7381438034833387,48.75325129541392],[1.738341081251756,48.75358800064027],[1.738521450591162,48.753836374085544],[1.738703207827595,48.75391475308586],[1.7392692528992921,48.754585473851776],[1.7358871553184216,48.7563334591777],[1.735593626891166,48.756769315255575],[1.7354834234288172,48.75733124500929],[1.7351818308912688,48.75787495618989],[1.7351304406733847,48.758199136701336],[1.7347187277282738,48.75857077224458],[1.7339405525849583,48.75907434838562],[1.7335768290121034,48.759149648992164],[1.7333355777114074,48.759167779169886],[1.7332644416281506,48.75923988527474],[1.7329491432407294,48.759393955361],[1.732813095776336,48.75950585060131],[1.7324310738441937,48.75960613996616],[1.7321105981335656,48.759805128582784],[1.7316301904266858,48.76002229524653]]}},{"type":"Feature","properties":{"gid":129621,"CdOH":"03C0000002000848135","TopoOH":"Aqueduc de Vieille Église","SourceNomOH":"IGN;BDCarthage","DateCreationOH":"2017-01-24 15:06:18","DateMajOH":"2025-10-27 19:05:11","StatutOH":"Validé","InfluenceMareeEH":null,"CommentaireOH":null,"ProjCoordOH":"RGF93 / Lambert 93","source":"BD TOPAGE 2026 – Sandre/OFB/IGN","potabilite":"Non renseignée","type_carto":"Cours d’eau"},"geometry":{"type":"LineString","coordinates":[[1.8580223494336328,48.70986455625455],[1.8577598525790828,48.70962366767766],[1.8577516573613495,48.70956332063756],[1.8578354131555608,48.70946247549903],[1.8582048467395471,48.70922583691896],[1.8601802581036402,48.708142800447575],[1.861050453844232,48.70762848331485],[1.8623541738911755,48.706428353350205],[1.8627736769983223,48.70613730637754],[1.863518734616163,48.705687443842486],[1.863720122133447,48.705613801445224],[1.8648037819421732,48.70540463231144],[1.8656735867861594,48.705279775265396],[1.8659082443998174,48.70517586141926],[1.866818941851928,48.70466908321963],[1.867303636259893,48.7040647022899],[1.8652151826455545,48.695346327315924],[1.866189603249026,48.69433731404014],[1.8662750739574525,48.694155519633476],[1.868610275315166,48.68708749083178],[1.8711172652980446,48.6792689813574],[1.8713507600554553,48.67675874061415],[1.8701115841094855,48.672690007824976],[1.871094479641198,48.67113858692473],[1.8721800107576552,48.66954854690908],[1.8725674414168498,48.66864995357924],[1.875645127937211,48.66226154879248],[1.875835809596666,48.66179287526106],[1.876464616242327,48.66077779833001],[1.8775734560448685,48.659982235285476],[1.8797644273829002,48.65918964124566]]}},{"type":"Feature","properties":{"gid":17705,"CdOH":"03C0000002000848256","TopoOH":"Canal 04 de Rambouillet","SourceNomOH":"BDCarthage","DateCreationOH":"2017-01-24 15:06:18","DateMajOH":"2024-09-20 06:17:19","StatutOH":"Validé","InfluenceMareeEH":null,"CommentaireOH":null,"ProjCoordOH":"RGF93 / Lambert 93","source":"BD TOPAGE 2026 – Sandre/OFB/IGN","potabilite":"Non renseignée","type_carto":"Cours d’eau"},"geometry":{"type":"LineString","coordinates":[[1.782256489669602,48.65507120675952],[1.7804513746029025,48.65358282407683],[1.7837902419158387,48.652350328360356],[1.7840356350354798,48.652540846256564],[1.7844517458681626,48.653038964533025]]}},{"type":"Feature","properties":{"gid":80138,"CdOH":"03C0000002000848113","TopoOH":"Canal du Lit de Rivière","SourceNomOH":"BDCarthage","DateCreationOH":"2017-01-24 15:06:18","DateMajOH":"2024-09-20 06:17:19","StatutOH":"Validé","InfluenceMareeEH":null,"CommentaireOH":null,"ProjCoordOH":"RGF93 / Lambert 93","source":"BD TOPAGE 2026 – Sandre/OFB/IGN","potabilite":"Non renseignée","type_carto":"Cours d’eau"},"geometry":{"type":"LineString","coordinates":[[1.857443894208852,48.71014956634549],[1.8582288515568262,48.71080204427157],[1.8584863889158934,48.7109592277738],[1.8589777808231014,48.71136241992917],[1.8608297474220121,48.7108323037233],[1.8627696572714205,48.71019415411198],[1.863816646255848,48.7102383116149],[1.8641269899855424,48.710217878937925],[1.8662056657564199,48.709696134596534],[1.8662926947768652,48.70969426304474],[1.8693723360419556,48.71065000249423],[1.8723238902914332,48.70967316381478]]}},{"type":"Feature","properties":{"gid":110964,"CdOH":"03C0000002000848123","TopoOH":"Rigole des Plauviettes","SourceNomOH":"IGN;BDCarthage","DateCreationOH":"2017-01-24 15:06:18","DateMajOH":"2024-09-20 06:17:19","StatutOH":"Validé","InfluenceMareeEH":null,"CommentaireOH":null,"ProjCoordOH":"RGF93 / Lambert 93","source":"BD TOPAGE 2026 – Sandre/OFB/IGN","potabilite":"Non renseignée","type_carto":"Cours d’eau"},"geometry":{"type":"LineString","coordinates":[[1.8081683046370047,48.69626427558097],[1.8073346114312006,48.6974865252875],[1.8064168823985225,48.69851902229338],[1.806120263725304,48.69918981512249],[1.8058528204277955,48.70167618387166],[1.8012221074977983,48.70365731269214],[1.7993589013710143,48.70442387704259],[1.7964215384179394,48.70538557543813],[1.7958909940802636,48.70552504815466],[1.7951379369695253,48.70564787864895],[1.794592699597579,48.70654191491867],[1.7945002377720756,48.70677935976849],[1.7943738959435336,48.707542695074615],[1.7976903963177127,48.711670876706414],[1.7976939904011846,48.71175097194381],[1.7965792982319093,48.712522332934796],[1.796427524630908,48.71267912085274],[1.7966512912188706,48.71352784380332],[1.7968139921111566,48.71437235171475],[1.7969099829784203,48.714572117459824],[1.7971259135770479,48.7148171696385],[1.7976879384857722,48.71532207734228],[1.7978470573565002,48.71543702224011],[1.7979766153878902,48.71547790711246],[1.7996008674182096,48.71542679382952],[1.8008882049913701,48.714833450735796],[1.8009544053699764,48.714851207219255],[1.801490191943772,48.715375622739]]}},{"type":"Feature","properties":{"gid":113879,"CdOH":"03C0000002000848184","TopoOH":"Fossé 01 des Rabières","SourceNomOH":"BDCarthage","DateCreationOH":"2017-01-24 15:06:18","DateMajOH":"2024-09-20 06:17:19","StatutOH":"Validé","InfluenceMareeEH":null,"CommentaireOH":null,"ProjCoordOH":"RGF93 / Lambert 93","source":"BD TOPAGE 2026 – Sandre/OFB/IGN","potabilite":"Non renseignée","type_carto":"Cours d’eau"},"geometry":{"type":"LineString","coordinates":[[1.7346370596275131,48.659671291108616],[1.7342330584994683,48.65958783720362],[1.7343260631255528,48.659953159007216],[1.7341572976540933,48.66064225180411],[1.7339275576583426,48.660652405825495],[1.7335557848623158,48.660751908846436],[1.733276560526679,48.660786724312686],[1.7325680698136925,48.660827770134595],[1.7319566179975592,48.6610110798266],[1.7316348635176648,48.66145565189588],[1.7314403409619283,48.661581323395005],[1.7313078257268109,48.661893869626255],[1.7310547428547742,48.661970339301334],[1.730981854478064,48.66206402014647],[1.7307856603626128,48.662146492474776],[1.730718577345565,48.662280716483956],[1.7305250754707056,48.66236411664086],[1.7302353186996544,48.6625526426004],[1.7301557566894201,48.662753302904186],[1.7298124289875991,48.66285489653448],[1.7296393791935467,48.66299068935329],[1.7294462100384473,48.66322792097082],[1.7294153236735406,48.66343719586447],[1.7292683407580909,48.66378556882684],[1.7291018181709084,48.66404377438158],[1.7290496950943497,48.66529454500979],[1.7290805430069462,48.66558993847647],[1.7293169453139074,48.66648035076451]]}},{"type":"Feature","properties":{"gid":13548,"CdOH":"03C0000002000848112","TopoOH":"Canal 01 de Saint-Hubert","SourceNomOH":"BDCarthage","DateCreationOH":"2017-01-24 15:06:18","DateMajOH":"2024-09-20 06:17:19","StatutOH":"Validé","InfluenceMareeEH":null,"CommentaireOH":null,"ProjCoordOH":"RGF93 / Lambert 93","source":"BD TOPAGE 2026 – Sandre/OFB/IGN","potabilite":"Non renseignée","type_carto":"Cours d’eau"},"geometry":{"type":"LineString","coordinates":[[1.8673050384924763,48.71729318320697],[1.8665400597178408,48.717589957987],[1.865609620268787,48.716052824511806],[1.865465968565124,48.71571953401898],[1.8650864420293833,48.71510604654615]]}},{"type":"Feature","properties":{"gid":10057,"CdOH":"03C0000002000848205","TopoOH":"Ru des Vaux","SourceNomOH":"IGN;BDCarthage","DateCreationOH":"2017-01-24 15:06:18","DateMajOH":"2025-08-21 08:30:57","StatutOH":"Validé","InfluenceMareeEH":null,"CommentaireOH":null,"ProjCoordOH":"RGF93 / Lambert 93","source":"BD TOPAGE 2026 – Sandre/OFB/IGN","potabilite":"Non renseignée","type_carto":"Cours d’eau"},"geometry":{"type":"LineString","coordinates":[[1.8212888890657883,48.72117422783948],[1.8275081974570118,48.71895159628058],[1.8307497497472789,48.71789047619819],[1.843865476019195,48.71389303867849],[1.857443894208852,48.71014956634549],[1.8583324708073428,48.70972989610766],[1.8587118985392812,48.70965796580009],[1.859377917660003,48.709595071343166],[1.8600437730583639,48.70947730024356],[1.8603946540199907,48.70934302421832],[1.8610053777762223,48.709010632801345],[1.862606817965961,48.708371052652176],[1.8640852666483632,48.70782293176012],[1.8646283899046108,48.70765988951752],[1.8653885638049468,48.70745303319821],[1.86580816483276,48.707407548911014],[1.8662065167479254,48.70746440777495],[1.866699267695963,48.70736744272804],[1.8672265202571574,48.70718354872954],[1.867578247718668,48.707196782806506],[1.8676269767261142,48.70714327347379],[1.8676412968574323,48.70698419235432],[1.8679391223642963,48.70691325732401],[1.868116195633882,48.706958115009236],[1.8684148100604243,48.7069762398812],[1.8686250649994194,48.706932357946265],[1.8700133137972381,48.70703097091614],[1.8704049315022435,48.70708505338538],[1.8710778328204962,48.70707882952778],[1.8719628696071942,48.70694147739462],[1.8724655243304171,48.70682569213822],[1.873435529444465,48.706340114218975],[1.873976355551437,48.7061554192011],[1.8746110781109266,48.706091245177944],[1.8751666853205866,48.70616664865301],[1.8755213384671239,48.70616999211799],[1.8760489976424677,48.70577557296076],[1.8771162771301464,48.70487170003852],[1.8771871668619051,48.70467177175789],[1.87715436361239,48.70449065713304],[1.8775542310132518,48.704286628401675],[1.8786655735613744,48.7039867416574],[1.8797683818731048,48.704211191466584],[1.8800227811821868,48.703945519764936],[1.880687193108459,48.70344531942575],[1.8808914750734143,48.70323494649817],[1.8812725653838216,48.703018135702905],[1.8815719972262621,48.70293368886859],[1.8818411125076946,48.702868746824365],[1.8820520442850395,48.70285543177433],[1.8822917334099498,48.702895458203834],[1.8824394448375146,48.70297869955699],[1.8826545619635997,48.7032145929967],[1.8826098705709358,48.703270844883065],[1.8826192020572003,48.70353359554807],[1.88327730420385,48.70370887003226],[1.8834700454261755,48.703847402952825],[1.8839857619664904,48.70388101380174],[1.8844568041245133,48.70403384227104],[1.885853242708768,48.7039371500339],[1.8875719139985079,48.703897418689394],[1.8877806668531805,48.703858886323495],[1.8881660775784608,48.70369336737369],[1.8890486113652218,48.70315737362392],[1.8899965017047349,48.702678651904414],[1.890325004719732,48.70256836733476],[1.8912870528148351,48.70238211467282],[1.892581871093553,48.702460707569685],[1.8957632918474032,48.702460515652106],[1.8959355561524835,48.70241173646757],[1.8976527530159242,48.70031282056444],[1.8979809426936483,48.699829206370225],[1.8989048840101788,48.69970640725863],[1.899528794001289,48.69969867201799],[1.899999999999999,48.699634655605095]]}},{"type":"Feature","properties":{"gid":12951,"CdOH":"03C0000002000848121","TopoOH":"Canal 02 de la Commune des Bréviaires","SourceNomOH":"BDCarthage","DateCreationOH":"2017-01-24 15:06:18","DateMajOH":"2024-09-20 06:17:19","StatutOH":"Validé","InfluenceMareeEH":null,"CommentaireOH":null,"ProjCoordOH":"RGF93 / Lambert 93","source":"BD TOPAGE 2026 – Sandre/OFB/IGN","potabilite":"Non renseignée","type_carto":"Cours d’eau"},"geometry":{"type":"LineString","coordinates":[[1.794064473603175,48.677014066864025],[1.793848256999011,48.6775543182946],[1.793839286730625,48.677766525174505],[1.7940096330180286,48.67803721859228],[1.794958102280919,48.678789849637866],[1.7954751915943459,48.679281739282054],[1.7956180782929703,48.679565645976524],[1.7958210576740636,48.68036650907736],[1.7957987027530702,48.680688327110154],[1.7958603428205193,48.680902146171036],[1.795678929567791,48.68128802573843],[1.79529809263561,48.68177983777565],[1.7958635084815553,48.68312409766174],[1.7958156239127883,48.684200388986],[1.7962423982086622,48.68448716011057],[1.7964014863247526,48.68471725435883],[1.799008288331034,48.68685840134076],[1.8052273647699362,48.68748219677107],[1.8082264777066803,48.68775328820768],[1.8083239851029498,48.687707485721894],[1.8092189466978266,48.68760488076242],[1.8100024885425474,48.68756232711541]]}},{"type":"Feature","properties":{"gid":17328,"CdOH":"03C0000002000848192","TopoOH":"Canal 03 de Rambouillet","SourceNomOH":"BDCarthage","DateCreationOH":"2017-01-24 15:06:18","DateMajOH":"2024-09-20 06:17:19","StatutOH":"Validé","InfluenceMareeEH":null,"CommentaireOH":null,"ProjCoordOH":"RGF93 / Lambert 93","source":"BD TOPAGE 2026 – Sandre/OFB/IGN","potabilite":"Non renseignée","type_carto":"Cours d’eau"},"geometry":{"type":"LineString","coordinates":[[1.7902842875884755,48.6527591714299],[1.7844517458681626,48.653038964533025],[1.7878148884775862,48.65596808573324],[1.7920933157320451,48.65943983213054],[1.790535536295199,48.66027323789207],[1.789375333940143,48.660941541227054],[1.782256489669602,48.65507120675952]]}},{"type":"Feature","properties":{"gid":17706,"CdOH":"03C0000002000848257","TopoOH":"Canal 02 de Rambouillet","SourceNomOH":"BDCarthage","DateCreationOH":"2017-01-24 15:06:18","DateMajOH":"2024-09-20 06:17:19","StatutOH":"Validé","InfluenceMareeEH":null,"CommentaireOH":null,"ProjCoordOH":"RGF93 / Lambert 93","source":"BD TOPAGE 2026 – Sandre/OFB/IGN","potabilite":"Non renseignée","type_carto":"Cours d’eau"},"geometry":{"type":"LineString","coordinates":[[1.7947837619849456,48.660246104833064],[1.794880753284627,48.6602209977808],[1.7950915010254456,48.65991457282045],[1.7956687172392753,48.65878963508844],[1.7952795587746144,48.6579400962934],[1.7943821382426068,48.65687401323699],[1.7941430996456533,48.65693546516136],[1.7934940576286489,48.65693519337301],[1.7924593989198436,48.65711092791704],[1.79034497796406,48.65301167145762],[1.7902842875884755,48.6527591714299],[1.7901737852335498,48.652664492715495],[1.7890206795491366,48.65068718352557],[1.789023269311279,48.65039934183136]]}},{"type":"Feature","properties":{"gid":20269,"CdOH":"03C0000002000848155","TopoOH":"Cours d'Eau 01 du Rouvray","SourceNomOH":"BDCarthage","DateCreationOH":"2017-01-24 15:06:18","DateMajOH":"2024-09-20 06:17:19","StatutOH":"Validé","InfluenceMareeEH":null,"CommentaireOH":null,"ProjCoordOH":"RGF93 / Lambert 93","source":"BD TOPAGE 2026 – Sandre/OFB/IGN","potabilite":"Non renseignée","type_carto":"Cours d’eau"},"geometry":{"type":"MultiLineString","coordinates":[[[1.7166966618016617,48.72628411853868],[1.7152142565771242,48.72746006277613],[1.714827004658172,48.72772575589473],[1.7133122761981918,48.728333717095076],[1.7129526019628198,48.72863838171334],[1.7126849472419814,48.72901600111054],[1.7125359917608742,48.72915652189873],[1.7120407166925136,48.72939045613415],[1.7114504289969976,48.729562193752244],[1.7109550508723037,48.729744848534374],[1.710233821786119,48.729822513110264],[1.7089275689190757,48.72969324851539],[1.7072769760290059,48.7296322037106],[1.7069762599729272,48.72958576813801],[1.7060660679013655,48.72916751145631],[1.7036535799529546,48.72841270163307],[1.7032142497974483,48.72819923465323],[1.701388265321297,48.72704595372154],[1.7011722144182733,48.726876287203304],[1.7008759357944911,48.72654292921072],[1.6999999999999993,48.72594046546261]],[[1.7263903311747237,48.73456745956209],[1.7256886098473414,48.733788168933096],[1.7253443155946513,48.73329694437451],[1.7250758450775276,48.73304220695444],[1.7247336799486974,48.73279837545645],[1.7230505123231568,48.7318403637464],[1.7205631966382982,48.729906704910135],[1.7200425698418933,48.72917879228716],[1.719102235132932,48.72726887359954],[1.7171397955631824,48.72628888281124],[1.7168348015046337,48.726195649615974]]]}},{"type":"Feature","properties":{"gid":20282,"CdOH":"03C0000002000848167","TopoOH":"Fossé 02 de la Chesnaie","SourceNomOH":"BDCarthage","DateCreationOH":"2017-01-24 15:06:18","DateMajOH":"2024-09-20 06:17:19","StatutOH":"Validé","InfluenceMareeEH":null,"CommentaireOH":null,"ProjCoordOH":"RGF93 / Lambert 93","source":"BD TOPAGE 2026 – Sandre/OFB/IGN","potabilite":"Non renseignée","type_carto":"Cours d’eau"},"geometry":{"type":"LineString","coordinates":[[1.7123477257086985,48.715226807870664],[1.7108381221792872,48.71652205340247],[1.7106991154969788,48.71670136127161],[1.710898447002896,48.71710741344496],[1.711368304320437,48.71751368837037],[1.7118987857860812,48.71860427361935],[1.7122270932242394,48.7191835288498],[1.7120243007546811,48.7194134237712],[1.7107861013920729,48.72039315438051],[1.7099630207231167,48.720746777031636],[1.7088138216669264,48.72153314658711],[1.708279605400639,48.72213455981117],[1.707960718169941,48.722384779964386],[1.7076431606569682,48.72252616841389],[1.707542269942118,48.72259254179362],[1.7075092726702696,48.72266234909946],[1.7066943561738277,48.72301333892885],[1.7057113078801867,48.7232905360163],[1.7054721734481928,48.72328434396144],[1.7052791416500301,48.72322827697874],[1.704888869461153,48.72301174886898],[1.7047004957100993,48.722987215639115],[1.7045834023678559,48.72299404052881],[1.7043896785291204,48.72307559534905],[1.7043505038026616,48.72317501980151],[1.7041419358449985,48.72336166010299],[1.7040573531489969,48.723318462856696],[1.7039619895906182,48.723161805468685],[1.7027827799097515,48.723289322191164],[1.7019469213940321,48.72300407187919],[1.7017558407023257,48.72314322229495],[1.701652790046694,48.72307733369278],[1.7015686973384743,48.723069222353345],[1.7007933514967468,48.72319391669596],[1.7004812235115399,48.723389318252416],[1.6999999999999995,48.72381245383373]]}},{"type":"Feature","properties":{"gid":20288,"CdOH":"03C0000002000848173","TopoOH":"Fossé 01 de la Commune de Saint-Léger-en-Yvelines","SourceNomOH":"BDCarthage","DateCreationOH":"2017-01-24 15:06:18","DateMajOH":"2024-09-20 06:17:19","StatutOH":"Validé","InfluenceMareeEH":null,"CommentaireOH":null,"ProjCoordOH":"RGF93 / Lambert 93","source":"BD TOPAGE 2026 – Sandre/OFB/IGN","potabilite":"Non renseignée","type_carto":"Cours d’eau"},"geometry":{"type":"LineString","coordinates":[[1.777970259976447,48.72892872307054],[1.7809573597979584,48.72829631777496],[1.7819069991485814,48.727980384096355],[1.7834742974002467,48.72712292672337],[1.7847672321619081,48.72630943080378],[1.785128750989336,48.725964993148075],[1.7852576352157359,48.725743221446976],[1.7853006939402998,48.72552867182089],[1.7852459035774189,48.72542916571055],[1.7846963984347872,48.724678759007645],[1.7845198826057413,48.72449345679659],[1.7839804568290232,48.72371976079949],[1.7834825707189155,48.72373177751459],[1.7833984621820749,48.72378219345026],[1.7832200873684558,48.72373539820347],[1.7830582519060205,48.723737346120444],[1.7828473811176582,48.7236848217289],[1.7827566128221517,48.72349589352447],[1.7826207535486358,48.72343333941469],[1.7825464139917149,48.723414590370446],[1.7825274411999485,48.723528637516935],[1.7824662538939755,48.72352891279938],[1.7821847523834835,48.72335692819243],[1.7819956072938943,48.72336399316104],[1.7815290623713065,48.72319821395963],[1.7815394622617409,48.72310207005775],[1.7814855750990932,48.723080830563276],[1.7814077417783118,48.723095327864435],[1.7811435501732304,48.723055748897046],[1.780953177561864,48.72299893277268],[1.7803806235129647,48.7230065755747],[1.7797158347708841,48.72335419582746],[1.7794900462332788,48.723416653211046],[1.7794312347860577,48.72348981346355],[1.7793209110347878,48.72344011020285],[1.7791434799431913,48.72341130912885],[1.7788528885419035,48.723279702560255],[1.7786758577338504,48.72323381372933],[1.778464167502745,48.72310031504985],[1.7779776204420739,48.72251153582586],[1.7778556141479045,48.72243832359626],[1.7777823591753772,48.722315236606285],[1.7774144126225373,48.722003826529175],[1.7772320648263007,48.721894913508066],[1.7771195873702104,48.72187936836203],[1.7770974071222714,48.72183956150935],[1.7769790087595814,48.721844644864824],[1.7768671188449539,48.721687878435695],[1.776715688361323,48.721652143849425],[1.7766486873435052,48.721668548170214],[1.7764045130703405,48.721413275193356],[1.7761738814020251,48.72133444957497],[1.7760118735562525,48.7211699719428],[1.7759070579238478,48.721117623232885],[1.7756166161795095,48.72051645182515],[1.775694236908745,48.72039491124816],[1.7756767156825117,48.720272394482016],[1.7755204967406788,48.72015115315096],[1.7754500732511775,48.72013963603967],[1.775435986740716,48.72010261046722],[1.7752530382997664,48.720019774545605],[1.775188421412261,48.719934554829926],[1.7749924191558073,48.719886666449796],[1.7748332104802764,48.719777087443624],[1.7747679711612134,48.719776417594794],[1.7747165857337788,48.71982266590781],[1.7742326412399854,48.71953164273006],[1.7741265184667636,48.71965109058807],[1.774027807082011,48.71962848755977],[1.7739980239739845,48.719565213929236],[1.7739162557329684,48.71951579875269],[1.7738127496053637,48.71952373055644],[1.773746737788165,48.71961390551351],[1.7734096824093402,48.71955197135895],[1.7733755503992683,48.71967395763096],[1.773397861388477,48.71976593981319],[1.773307650578433,48.71978660137548],[1.77310940442237,48.71977646738686],[1.7730692423539276,48.71974996785235],[1.7730386440345178,48.71977933797668],[1.7727893277102746,48.719801961218366],[1.7726453984541084,48.71973661372499]]}},{"type":"Feature","properties":{"gid":50662,"CdOH":"03C0000002000848110","TopoOH":"Fossé 02 de la Commune de Coignieres","SourceNomOH":"BDCarthage","DateCreationOH":"2017-01-24 15:06:18","DateMajOH":"2024-09-20 06:17:19","StatutOH":"Validé","InfluenceMareeEH":null,"CommentaireOH":null,"ProjCoordOH":"RGF93 / Lambert 93","source":"BD TOPAGE 2026 – Sandre/OFB/IGN","potabilite":"Non renseignée","type_carto":"Cours d’eau"},"geometry":{"type":"LineString","coordinates":[[1.9,48.7574327547029],[1.8997470327208978,48.75736914331298],[1.899594874460825,48.75723011977012],[1.8996403140443308,48.75713969025131],[1.8995598088518477,48.757022015055135],[1.8997466227769055,48.75674309628365],[1.8995327955096266,48.75649646530795],[1.8995362362143575,48.7562041634098],[1.8994760160626096,48.75615683505901],[1.8993608789106018,48.75613328670716],[1.8991042230837132,48.75598250529917],[1.898782846256878,48.75586890500068],[1.8982292888014551,48.75573427258388],[1.8980105316202605,48.755592833276886],[1.897523498908985,48.75540034461349],[1.896977988381785,48.75533594071913]]}},{"type":"Feature","properties":{"gid":50437,"CdOH":"03C0000002000848198","TopoOH":"Fossé 05 de la Commune de Saint-Leger-en-Yvelines","SourceNomOH":"BDCarthage","DateCreationOH":"2017-01-24 15:06:18","DateMajOH":"2024-09-20 06:17:19","StatutOH":"Validé","InfluenceMareeEH":null,"CommentaireOH":null,"ProjCoordOH":"RGF93 / Lambert 93","source":"BD TOPAGE 2026 – Sandre/OFB/IGN","potabilite":"Non renseignée","type_carto":"Cours d’eau"},"geometry":{"type":"LineString","coordinates":[[1.7885325150368996,48.760041313988104],[1.7926370357794488,48.75783192029517],[1.7932561911448872,48.75753144748479],[1.7939907013526413,48.75724293055777],[1.794383116002918,48.75704000684036],[1.7945897203541075,48.75687118656828],[1.7949243099067842,48.756756728352265],[1.7956107280432405,48.756429037416105]]}},{"type":"Feature","properties":{"gid":50629,"CdOH":"03C0000002000848197","TopoOH":"Fossé 01 de la Commune de Saint-Leger-en-Yvelines","SourceNomOH":"BDCarthage","DateCreationOH":"2017-01-24 15:06:18","DateMajOH":"2024-09-20 06:17:19","StatutOH":"Validé","InfluenceMareeEH":null,"CommentaireOH":null,"ProjCoordOH":"RGF93 / Lambert 93","source":"BD TOPAGE 2026 – Sandre/OFB/IGN","potabilite":"Non renseignée","type_carto":"Cours d’eau"},"geometry":{"type":"LineString","coordinates":[[1.8038039517691484,48.746244409408455],[1.8067386115561532,48.7480548070209],[1.8076234680314682,48.74855927691653],[1.807852131962459,48.74873156753312],[1.8078766404810434,48.748849647930896],[1.808102509574627,48.749084875716754],[1.8086955413891903,48.74932466647167],[1.808975048666014,48.7495343418764],[1.8095004257816631,48.75017643309251],[1.8094984982839755,48.75026096759624],[1.8099966548716468,48.750784949250054],[1.8102542106735842,48.7510033975568],[1.810381266711917,48.751337481009834],[1.8105852955822226,48.75157698330837],[1.8112895032003797,48.75201395998332],[1.8122488019855145,48.752420188230296],[1.8131918482753564,48.75300344941785],[1.8136277971035937,48.75321466767765],[1.8139668160393254,48.75332147853347],[1.8140938713546464,48.753297554332306],[1.8147059281824305,48.75330183243276],[1.814930012613695,48.7534380827208],[1.815083435259229,48.75375083368514],[1.815396299430489,48.75399140689156],[1.815560437179928,48.75419182540964]]}},{"type":"Feature","properties":{"gid":50643,"CdOH":"03C0000002000848196","TopoOH":"Cours d'Eau 06 de la Commune des Mesnuls","SourceNomOH":"BDCarthage","DateCreationOH":"2017-01-24 15:06:18","DateMajOH":"2024-09-20 06:17:19","StatutOH":"Validé","InfluenceMareeEH":null,"CommentaireOH":null,"ProjCoordOH":"RGF93 / Lambert 93","source":"BD TOPAGE 2026 – Sandre/OFB/IGN","potabilite":"Non renseignée","type_carto":"Cours d’eau"},"geometry":{"type":"LineString","coordinates":[[1.8250612428251245,48.74893183925154],[1.8252693155822448,48.74899415352204],[1.8258091910286744,48.74906063042497],[1.8272502567162827,48.74933744913974],[1.8274251633157341,48.749362554106774],[1.8276228791033124,48.74934110850771],[1.8277785144970806,48.749800484674644],[1.8279862050956945,48.75000131407857],[1.8280881610874824,48.75048894675047],[1.8282583694646655,48.75072358879008],[1.8283313347633166,48.75098785947238],[1.828231365341417,48.75113889460213],[1.8281987112947362,48.75150287311779],[1.8280022202302777,48.75213599395462],[1.8280086104051734,48.752760311611574],[1.8280650676960333,48.752972248809584],[1.8276470274158543,48.75311206556088],[1.8274217602496292,48.753390498364176],[1.8273279846816621,48.753447145597335],[1.8271586323099542,48.75347696489639],[1.8269696050718607,48.75365590802397],[1.8269492105914082,48.753715974308285],[1.8274445185835373,48.754315409684814]]}},{"type":"Feature","properties":{"gid":56666,"CdOH":"03C0000002215483267","TopoOH":"Fossé du Clos des Vignes","SourceNomOH":"IGN","DateCreationOH":"2020-10-21 07:35:44","DateMajOH":"2024-09-20 06:17:19","StatutOH":"Validé","InfluenceMareeEH":null,"CommentaireOH":null,"ProjCoordOH":"RGF93 / Lambert 93","source":"BD TOPAGE 2026 – Sandre/OFB/IGN","potabilite":"Non renseignée","type_carto":"Cours d’eau"},"geometry":{"type":"LineString","coordinates":[[1.8661681104387973,48.74813384027474],[1.8658913372828203,48.748226558592606],[1.8652731404403455,48.74850762536769],[1.8648584333228972,48.74856305033412],[1.864661361544092,48.74855577955963],[1.8642077234940835,48.74846241460747],[1.8641160804847579,48.74848582929339],[1.8640157594669466,48.748595513328034],[1.8638550044249724,48.748669541728326],[1.8628065789105115,48.74865596267438],[1.8621928166853883,48.748794934858296],[1.8607724973694193,48.749180769418935],[1.8601966342273404,48.749203158003965],[1.8599951325368247,48.74927409375673]]}},{"type":"Feature","properties":{"gid":59697,"CdOH":"03C0000002215485077","TopoOH":"Rigole de Coupe-Gorge","SourceNomOH":"Terrain","DateCreationOH":"2020-10-21 07:35:44","DateMajOH":"2024-09-20 06:17:19","StatutOH":"Validé","InfluenceMareeEH":null,"CommentaireOH":null,"ProjCoordOH":"RGF93 / Lambert 93","source":"BD TOPAGE 2026 – Sandre/OFB/IGN","potabilite":"Non renseignée","type_carto":"Cours d’eau"},"geometry":{"type":"LineString","coordinates":[[1.852617736033589,48.6906327299041],[1.8525653340616703,48.690544070188345],[1.8526407647558893,48.68735499995984],[1.8511927258901228,48.686663698364825],[1.851051966675427,48.68651571565394],[1.8498670437438316,48.68356186158301],[1.847505403217061,48.681614015124445],[1.8474750172708303,48.68145180167667],[1.8476344295958302,48.67970460779918],[1.8452062746914528,48.67770478930338],[1.8449404151204027,48.67756458169654],[1.8428284718918801,48.67675249153077],[1.8409877216371038,48.67694510826023],[1.8403347393705398,48.677050304036946],[1.8343619393851278,48.67656836668883],[1.8255573847625695,48.68230391003961],[1.820489447791733,48.68233754448862],[1.8151552717240702,48.68308886487361],[1.8138130021960714,48.685366693385504],[1.8134845033329183,48.68655173937972],[1.8134702800644253,48.68675939529191],[1.8143905183577402,48.68871608470636],[1.815833848431384,48.68941678492597],[1.8145266327140315,48.689963319826376],[1.8136904491011534,48.69106685232122],[1.8120753850947606,48.69188376150978],[1.8105190449203408,48.69262567210559]]}},{"type":"Feature","properties":{"gid":64332,"CdOH":"03C0000002000848261","TopoOH":"Bras 02 de la Commune de Gazeran","SourceNomOH":"BDCarthage","DateCreationOH":"2017-01-24 15:06:18","DateMajOH":"2024-09-20 06:17:19","StatutOH":"Validé","InfluenceMareeEH":null,"CommentaireOH":null,"ProjCoordOH":"RGF93 / Lambert 93","source":"BD TOPAGE 2026 – Sandre/OFB/IGN","potabilite":"Non renseignée","type_carto":"Cours d’eau"},"geometry":{"type":"LineString","coordinates":[[1.7451821825148652,48.64808987434409],[1.7486934234451355,48.65079679854237],[1.7517912081780465,48.65172708201484],[1.7535208782221778,48.65309727455008]]}},{"type":"Feature","properties":{"gid":67332,"CdOH":"03C0000002000848200","TopoOH":"Rigole du Lit de Rivière","SourceNomOH":"IGN;BDCarthage","DateCreationOH":"2017-01-24 15:06:18","DateMajOH":"2024-09-20 06:17:19","StatutOH":"Validé","InfluenceMareeEH":null,"CommentaireOH":null,"ProjCoordOH":"RGF93 / Lambert 93","source":"BD TOPAGE 2026 – Sandre/OFB/IGN","potabilite":"Non renseignée","type_carto":"Cours d’eau"},"geometry":{"type":"MultiLineString","coordinates":[[[1.8580223494336328,48.70986455625455],[1.8583844690493434,48.71021164256277],[1.8584745347059648,48.7102574808715],[1.8585614077755603,48.710262809699124],[1.8587387753642268,48.71023212341081],[1.85984799260373,48.70997826696988],[1.8628343051553524,48.708972308812996],[1.8636250853198015,48.70873427186687],[1.864862548471563,48.70845550412395],[1.8661113501341624,48.70821731025403],[1.8777142412764236,48.71094824850995],[1.8896161853784441,48.71379866160321],[1.8929525499628812,48.71453758794654],[1.893116346789437,48.714569691310835],[1.8949921938067857,48.7145699876438],[1.8955054765820343,48.714595429109345],[1.895700400233346,48.71476274518017],[1.8955390988942582,48.715319854548966],[1.896961379503188,48.72212526887341],[1.8970013531532137,48.72267883994541],[1.9000000000000004,48.72645790015988]],[[1.8999999999999995,48.72696442918852],[1.8985297584192498,48.728467824503575],[1.8985258827892364,48.72852265883551],[1.8999999999999995,48.72988341822985]]]}},{"type":"Feature","properties":{"gid":67343,"CdOH":"03C0000002000848178","TopoOH":"Fossé 01 de Roard","SourceNomOH":"BDCarthage","DateCreationOH":"2017-01-24 15:06:18","DateMajOH":"2024-09-20 06:17:19","StatutOH":"Validé","InfluenceMareeEH":null,"CommentaireOH":null,"ProjCoordOH":"RGF93 / Lambert 93","source":"BD TOPAGE 2026 – Sandre/OFB/IGN","potabilite":"Non renseignée","type_carto":"Cours d’eau"},"geometry":{"type":"LineString","coordinates":[[1.7000000000000002,48.67423069677358],[1.7001613757335878,48.67444399654959],[1.7002120443018123,48.67464605613436],[1.7001720649972802,48.67483363359228],[1.700251016763895,48.67493614749945],[1.7002336591192968,48.67508798815235],[1.7001641675529928,48.67520597574242],[1.700157555841649,48.67541730611599],[1.7000000000000002,48.675510860142204]]}},{"type":"Feature","properties":{"gid":73507,"CdOH":"03C0000002000848144","TopoOH":"Fossé 03 de la Commune de Saint-Léger-en-Yvelines","SourceNomOH":"BDCarthage","DateCreationOH":"2017-01-24 15:06:18","DateMajOH":"2024-09-20 06:17:19","StatutOH":"Validé","InfluenceMareeEH":null,"CommentaireOH":null,"ProjCoordOH":"RGF93 / Lambert 93","source":"BD TOPAGE 2026 – Sandre/OFB/IGN","potabilite":"Non renseignée","type_carto":"Cours d’eau"},"geometry":{"type":"LineString","coordinates":[[1.789740592639842,48.74210522922498],[1.7870244821212424,48.73941508679753],[1.7867666495550802,48.738746821636404],[1.7867235634654277,48.73814280527482],[1.7866438374404991,48.737769593150105],[1.7849604115137825,48.73489738466117],[1.784612660830368,48.73482278189455],[1.7844867680741647,48.73473964326922]]}},{"type":"Feature","properties":{"gid":80143,"CdOH":"03C0000002000848191","TopoOH":"Fossé 01 du Marais du Cerisaïe","SourceNomOH":"BDCarthage","DateCreationOH":"2017-01-24 15:06:18","DateMajOH":"2024-09-20 06:17:19","StatutOH":"Validé","InfluenceMareeEH":null,"CommentaireOH":null,"ProjCoordOH":"RGF93 / Lambert 93","source":"BD TOPAGE 2026 – Sandre/OFB/IGN","potabilite":"Non renseignée","type_carto":"Cours d’eau"},"geometry":{"type":"LineString","coordinates":[[1.7858378961293593,48.69019013377482],[1.7858244119185978,48.68971772840178],[1.785911658374136,48.689471238056775],[1.785999303218546,48.68938307399668],[1.7859615359980598,48.68902016732297],[1.7851706403414755,48.68826637843993],[1.7847834151531259,48.68774068836338],[1.7846947707716494,48.68757966329005],[1.784614300744877,48.687183936145836],[1.7846031647677243,48.68702010260943],[1.784697013816437,48.68695719027746],[1.7843751671964685,48.68648343941405],[1.7840491651338939,48.68613018630556],[1.7835390835270004,48.68598105410159],[1.7835370994088118,48.685949549201496],[1.783373857351429,48.68590020704636],[1.7830037496548676,48.68563285875574],[1.7825414725568045,48.68535647216995],[1.78234994685236,48.68518000148146],[1.7821716872129345,48.68507563094316],[1.7820466760205764,48.6849016381153],[1.7818721783478535,48.684810798956576],[1.7817756669580709,48.68469646808241],[1.7816082550714165,48.68459310701692],[1.781520648668631,48.684446482618256],[1.781422042478534,48.68442208633075],[1.7812305659065144,48.68424381500667],[1.781213442174159,48.684104207646236],[1.7811107504711132,48.68396372562196],[1.7810887394387473,48.68380067959009],[1.7809519352231835,48.68355010187002],[1.7808540886651332,48.682968882573036],[1.7805937448998428,48.682132323855555],[1.7802728044012548,48.681622585947714],[1.780279444169086,48.681454435093336],[1.7801742651364079,48.68118798720136],[1.7802301034950352,48.68089080208057],[1.7802986090433122,48.67987589227218],[1.7799561800327495,48.67859950091276],[1.7800807051677656,48.67797827392556],[1.7800002041416523,48.67776065421985],[1.7789607286935678,48.67649421453472],[1.7785645731363946,48.67606645918752]]}},{"type":"Feature","properties":{"gid":92897,"CdOH":"03C0000002000848169","TopoOH":"Cours d'Eau 01 de la Vallée Moussive","SourceNomOH":"BDCarthage","DateCreationOH":"2017-01-24 15:06:18","DateMajOH":"2024-09-20 06:17:19","StatutOH":"Validé","InfluenceMareeEH":null,"CommentaireOH":null,"ProjCoordOH":"RGF93 / Lambert 93","source":"BD TOPAGE 2026 – Sandre/OFB/IGN","potabilite":"Non renseignée","type_carto":"Cours d’eau"},"geometry":{"type":"LineString","coordinates":[[1.7385587472790371,48.73140438519006],[1.7361244554473017,48.72989799656104],[1.7360859044809913,48.72974916478916],[1.7362024659506279,48.729652349622725],[1.736190907011865,48.72951189950059],[1.7359380075775142,48.729342806931804],[1.7351055299931375,48.72783985497613],[1.7347436980372866,48.727397044750234],[1.7341661748947306,48.72693395485064],[1.7334237990977965,48.726204647730235],[1.73283670842688,48.72546439067978],[1.7321976402319237,48.7244015421305]]}},{"type":"Feature","properties":{"gid":84607,"CdOH":"03C0000002000848146","TopoOH":"Fossé 02 de la Commune de Gambaiseuil","SourceNomOH":"BDCarthage","DateCreationOH":"2017-01-24 15:06:18","DateMajOH":"2024-09-20 06:17:19","StatutOH":"Validé","InfluenceMareeEH":null,"CommentaireOH":null,"ProjCoordOH":"RGF93 / Lambert 93","source":"BD TOPAGE 2026 – Sandre/OFB/IGN","potabilite":"Non renseignée","type_carto":"Cours d’eau"},"geometry":{"type":"LineString","coordinates":[[1.7013533983462137,48.74917597169815],[1.7008929727505702,48.74843694777542],[1.7008008865380302,48.74836578253561],[1.7004472849120196,48.748253990813545],[1.6999999999999988,48.74818103366417]]}},{"type":"Feature","properties":{"gid":87482,"CdOH":"03C0000002000848187","TopoOH":"Cours d'Eau 01 de la Commune de Poigny-la-Forêt","SourceNomOH":"BDCarthage","DateCreationOH":"2017-01-24 15:06:18","DateMajOH":"2024-09-20 06:17:19","StatutOH":"Validé","InfluenceMareeEH":null,"CommentaireOH":null,"ProjCoordOH":"RGF93 / Lambert 93","source":"BD TOPAGE 2026 – Sandre/OFB/IGN","potabilite":"Non renseignée","type_carto":"Cours d’eau"},"geometry":{"type":"LineString","coordinates":[[1.722747604119039,48.7077490607693],[1.723145626538793,48.70781359174944],[1.7247648952338015,48.70829508249249],[1.7263717669720213,48.70872874200376],[1.7274843446311365,48.709088741996176],[1.7307325348538833,48.70999771000593],[1.737644628250291,48.70615619296094],[1.7404155139264446,48.70464994233152],[1.7409958766984448,48.70442308417419],[1.7419566595375688,48.70420113532633],[1.7423772239755988,48.70417588459477],[1.7426571284381245,48.70412216321928],[1.7443764750677266,48.70355196422765],[1.745003701536815,48.70312677820912],[1.7456561310605376,48.70261369741064],[1.7459785998350708,48.70231483713199],[1.7460182631327616,48.70213444334761],[1.7462338432920772,48.701928911987785],[1.7463406414377896,48.70172583520709],[1.7463191408359369,48.70160237001642],[1.746172664370442,48.70147669165068],[1.745960684782936,48.70039949269052],[1.7455370928442329,48.69936324570197],[1.7451676532682316,48.69878903957129],[1.7446087113416344,48.69818405164104],[1.7445687141351345,48.69752965084347],[1.7446673583980923,48.69732648900181],[1.7448361716380298,48.69714385581586],[1.745835240003001,48.69645270838104],[1.7464433078421167,48.6958590939333],[1.7477269442670855,48.69497211795767],[1.7480046906247526,48.694438895311606],[1.7481416347088505,48.69428111039584],[1.7487874944279316,48.69369597617686],[1.7490341899289192,48.69355103585117],[1.7494508548503744,48.693230663611565],[1.7495421419172459,48.693049909194954],[1.7494930535984696,48.692829901263394],[1.749479900123009,48.69241416538105],[1.749606563140257,48.692117738109346],[1.749646430180407,48.69170075876285],[1.7498921572692625,48.69142536968318],[1.7499618592397275,48.69129476401741],[1.7499331898095711,48.69107317083726],[1.7502366023682363,48.690658053612985],[1.750838341215016,48.690040060506185],[1.7512948984460663,48.68947002015359],[1.751400367689713,48.68937756972954],[1.7516550138703013,48.689239903504564],[1.7517490030433167,48.68905917522547],[1.7509365862620583,48.68803236053739],[1.7503726857767323,48.687977876215],[1.749556443628357,48.687964822213914],[1.7492745158390752,48.68793667778127],[1.749166797238225,48.687895967040966],[1.7482642721223325,48.687911684811326],[1.74778568994116,48.6878122058376],[1.7470978661468026,48.687883243530344],[1.7465260794825268,48.687987881425215],[1.745096454347078,48.68817075046665],[1.744531382591155,48.68839149363419],[1.7442888008511113,48.688422223491024],[1.742730192245084,48.68843098918698],[1.7426276730880805,48.68840022257082],[1.742407486571294,48.68823417951635],[1.742198665696375,48.68804756584467],[1.7421220522010998,48.68790012822495],[1.7420895447488112,48.687105466841764],[1.7421745942124558,48.686676370279294],[1.7424378448383777,48.686125012432456],[1.742700488446579,48.68582462721089],[1.7428922494881691,48.6857034079726],[1.7431224476794418,48.68562217461195],[1.7434987313627557,48.68556766815709],[1.743550024276851,48.6855250293065],[1.7438566222592384,48.68554355211994],[1.743975373765853,48.685520514639244],[1.7440952054154555,48.68545250996153],[1.7443097143482538,48.68517590255791],[1.7444745567136912,48.68470446477024],[1.7448992519940094,48.68410442479065],[1.745232953102223,48.683729217748876],[1.7454592870576568,48.683355578838636],[1.745630723265873,48.68328811549469],[1.7461069971764975,48.68331201579186],[1.7463689354880239,48.68326619317551],[1.746519760134183,48.68320840713573],[1.7466536610656733,48.683063184685174],[1.7494675560360358,48.6819115929175],[1.7506491354816751,48.681640614482376],[1.7508917849446872,48.681548701772726],[1.7513472944504527,48.681190046147954],[1.751577024895093,48.68107011004788],[1.7525223869366133,48.680392732140305],[1.7528388526075782,48.68022422460018],[1.7531280536504326,48.680116601967946],[1.7546347400169653,48.67982469520131],[1.7547272025904104,48.6797069174871],[1.7563402421111869,48.67865506227119],[1.7564836747996555,48.67850722933911]]}},{"type":"Feature","properties":{"gid":89223,"CdOH":"03C0000002000848168","TopoOH":"Cours d'Eau 01 de la Chesnaie","SourceNomOH":"BDCarthage","DateCreationOH":"2017-01-24 15:06:18","DateMajOH":"2024-09-20 06:17:19","StatutOH":"Validé","InfluenceMareeEH":null,"CommentaireOH":null,"ProjCoordOH":"RGF93 / Lambert 93","source":"BD TOPAGE 2026 – Sandre/OFB/IGN","potabilite":"Non renseignée","type_carto":"Cours d’eau"},"geometry":{"type":"LineString","coordinates":[[1.7105708690709107,48.71049575325553],[1.709825546107724,48.71155996611926],[1.709434822697497,48.711859789946274],[1.7091770928321657,48.71216824787111],[1.7087816744083288,48.712327688116325],[1.7082210343698916,48.71279208651108],[1.7080962630414067,48.71294545895048],[1.7080152025729427,48.713145181874836],[1.7076406352735432,48.71356031756843],[1.7073327786180013,48.7137512862504],[1.7069760172187312,48.713885951786345],[1.7067631949972923,48.71402667428646],[1.706537807724217,48.7142356262926],[1.7063435627419092,48.714339667711],[1.7059810020785713,48.71443378746931],[1.7058394438901012,48.71444124764841],[1.7055565057309428,48.71439410020845],[1.7049574341596572,48.7144325770132],[1.70449960559464,48.71458592833776],[1.7042773486095737,48.71477781856081],[1.7040754288476683,48.71502660114311],[1.7040459271039194,48.7151747070873],[1.703879740790706,48.71540768543352],[1.703858007504591,48.71573578636349],[1.7039571407315635,48.71601392560672],[1.7037518053049576,48.7168932568044],[1.7033115652091764,48.71776103901706],[1.7021466564882022,48.719725587914354],[1.7020438983754662,48.72003121693752],[1.7017027171846189,48.720521358397846],[1.7012736533991815,48.72099165175615],[1.7000000000000002,48.72203359355996]]}},{"type":"Feature","properties":{"gid":90967,"CdOH":"03C0000002000848122","TopoOH":"Canal 01 de Vilpert","SourceNomOH":"BDCarthage","DateCreationOH":"2017-01-24 15:06:18","DateMajOH":"2024-09-20 06:17:19","StatutOH":"Validé","InfluenceMareeEH":null,"CommentaireOH":null,"ProjCoordOH":"RGF93 / Lambert 93","source":"BD TOPAGE 2026 – Sandre/OFB/IGN","potabilite":"Non renseignée","type_carto":"Cours d’eau"},"geometry":{"type":"LineString","coordinates":[[1.7902448582644612,48.69286162423048],[1.8059958652076407,48.692143291212325],[1.8062289569711871,48.692051171537834],[1.8065239341314303,48.69186701674956],[1.8067389124484083,48.69179450498217],[1.8069664202214222,48.69164925435377],[1.8075722578771032,48.69135846077185],[1.8077614888201523,48.69134236159102],[1.8094269211028664,48.69141836974942],[1.8096134825308454,48.69145981237749],[1.8102739096369627,48.69085920420642],[1.8109060163604689,48.690965358832756]]}},{"type":"Feature","properties":{"gid":90970,"CdOH":"03C0000002000848183","TopoOH":"Fossé 04 de la Commune de Poigny-la-Forêt","SourceNomOH":"BDCarthage","DateCreationOH":"2017-01-24 15:06:18","DateMajOH":"2024-09-20 06:17:19","StatutOH":"Validé","InfluenceMareeEH":null,"CommentaireOH":null,"ProjCoordOH":"RGF93 / Lambert 93","source":"BD TOPAGE 2026 – Sandre/OFB/IGN","potabilite":"Non renseignée","type_carto":"Cours d’eau"},"geometry":{"type":"LineString","coordinates":[[1.7147231237224814,48.68530776026135],[1.7144776525568963,48.685124299664665],[1.7140561309207587,48.68469695437194],[1.713619670436963,48.684380093996914],[1.7134864078515477,48.684219431401075],[1.7133210722704044,48.683981958595524],[1.7131704523840747,48.68325707395983],[1.7129334042116353,48.68317355360935],[1.7127059525705306,48.68292101594825],[1.7126406494629378,48.68275928665646],[1.7125137269797077,48.68267245644728],[1.7123838751022171,48.68248394223825],[1.712141365008605,48.6814090266069],[1.7118503482068215,48.6808697342836],[1.7118102433772227,48.68062281645437],[1.7117589894592624,48.680607869436955],[1.7116365058966931,48.68034117024251],[1.7116504322429131,48.6800516562581],[1.7115578348418203,48.67984015411168],[1.711505237265412,48.6795490215407],[1.7115409795191288,48.679035747733636],[1.7114106545699017,48.67848109745914],[1.711249215347476,48.67819688424862],[1.7112465526635288,48.677864010569834],[1.7123519830824399,48.67738028530237],[1.7129854311667352,48.677252187792824],[1.7138835106800014,48.67696861563555],[1.713934996264913,48.676918794475746],[1.7140922304214647,48.676877310555824],[1.7142604873300773,48.6767189997471],[1.7147879688980823,48.67642512652711],[1.7155279321486432,48.67621810103459],[1.7162888886580747,48.67593033469291],[1.7166000350598212,48.67587161341344],[1.7170426156323975,48.6756047032917],[1.7177961602352652,48.67539691036978],[1.717959180619164,48.6752853162437],[1.7182581435852815,48.67522466048758],[1.7184050210288924,48.675106595125115],[1.7191642933346336,48.67488626103262],[1.7194333256924281,48.67488285401315],[1.7199651718189266,48.67468615965763],[1.7202701925169528,48.67465525012466],[1.7239768710666918,48.67377201062057],[1.7243376959928451,48.67362474240379],[1.725348150807878,48.67290508995665],[1.7267730654786686,48.67195326588456],[1.726885397509684,48.67180243611765],[1.7268374475110688,48.67053621057448],[1.726690948711525,48.66952441301782],[1.7267481959598348,48.66934870593934]]}},{"type":"Feature","properties":{"gid":90971,"CdOH":"03C0000002000848185","TopoOH":"Fossé 03 de la Commune de Poigny-la-Forêt","SourceNomOH":"BDCarthage","DateCreationOH":"2017-01-24 15:06:18","DateMajOH":"2024-09-20 06:17:19","StatutOH":"Validé","InfluenceMareeEH":null,"CommentaireOH":null,"ProjCoordOH":"RGF93 / Lambert 93","source":"BD TOPAGE 2026 – Sandre/OFB/IGN","potabilite":"Non renseignée","type_carto":"Cours d’eau"},"geometry":{"type":"LineString","coordinates":[[1.7075229527249431,48.695292549946544],[1.7096310974019282,48.6953252720355],[1.7100321607262037,48.69526214290828],[1.7103271618311249,48.69509171659],[1.7112526120433926,48.69514399985318],[1.7128493379739245,48.69503080533573],[1.7141073683621455,48.69504167686209],[1.7144180779830467,48.69500544544675],[1.7147938745791413,48.69491953884529],[1.715214423674265,48.69478193826298],[1.7158337074802055,48.694519637195185],[1.7160862192977981,48.69436313235319],[1.7184278100105477,48.69202245333101],[1.7193170675917282,48.69171985563617],[1.720304720782078,48.69133824557241],[1.721604053871888,48.69015665342669],[1.7216794898592482,48.69012777626198],[1.7221364728685506,48.690109285051165],[1.7228600869862356,48.69013322887063],[1.7234230749377448,48.69033626239258],[1.7239934106736945,48.69046110929521],[1.724445743433221,48.69063326805742],[1.7249679458025995,48.69089343021945],[1.7255309062737412,48.69109825232822],[1.7257588533114516,48.6911114829191],[1.7261347124434514,48.69107681685438],[1.727783832490584,48.69053488936933],[1.7279679781354382,48.690449595552124],[1.7281501267742156,48.690278821161975],[1.7285184342090514,48.69005155946748],[1.7285675738558985,48.68998641487628],[1.7287596700220276,48.689406441796365],[1.7287695796234899,48.689054815934846],[1.7293666669388272,48.68841438901087],[1.7297929196472057,48.688094185368904],[1.7301272943197266,48.687920531271345],[1.7302163452351973,48.68783422125002],[1.7307170762470856,48.68752380298394],[1.731215252534548,48.687374378458536],[1.7315506924941602,48.687212426109035],[1.7333749110395302,48.686950250991224],[1.7342479577561245,48.6866365754832],[1.7355497247986895,48.68606656504451],[1.7359493106693638,48.685666894399205],[1.7377858128130954,48.68511781951993],[1.7382879372634068,48.685084451990456],[1.7386951448705197,48.68498710847405],[1.738899140955138,48.68497847123112],[1.7403498558955073,48.68510175333299],[1.740635758271483,48.685076886488055],[1.7408322700318548,48.68509695313475],[1.741084497658088,48.685060035210405],[1.741669942831892,48.685064415460985],[1.7421560732994292,48.68496159601898],[1.7424296417407488,48.68494109263122],[1.7430121650835868,48.68478441250198],[1.7442137383327845,48.684590171650115],[1.744641347653194,48.68449122366234]]}},{"type":"Feature","properties":{"gid":90972,"CdOH":"03C0000002000848226","TopoOH":"Fossé 01 de la Commune de Rambouillet","SourceNomOH":"BDCarthage","DateCreationOH":"2017-01-24 15:06:18","DateMajOH":"2024-09-20 06:17:19","StatutOH":"Validé","InfluenceMareeEH":null,"CommentaireOH":null,"ProjCoordOH":"RGF93 / Lambert 93","source":"BD TOPAGE 2026 – Sandre/OFB/IGN","potabilite":"Non renseignée","type_carto":"Cours d’eau"},"geometry":{"type":"LineString","coordinates":[[1.899999999999999,48.65495038057272],[1.8983509283014923,48.65448814930982],[1.8961056318199658,48.65401758902151],[1.8951211149109228,48.65370351204466],[1.892000387388375,48.65232428561938],[1.8914924347912994,48.65194803963031],[1.8905981584139246,48.651479137954766],[1.8902969914278343,48.65159597658851],[1.8901159215652674,48.651619478246076],[1.8898622574608868,48.65160901929096],[1.8895909832690847,48.65153272709839],[1.8893005376773007,48.65159209065966],[1.889062685314845,48.651604266622854],[1.8888066717873706,48.651704430624335],[1.8885295868344916,48.65164607322919],[1.8883838087171136,48.651669901424775],[1.8882629230098955,48.65173624146448],[1.8880423911517563,48.65176386967481],[1.8866551698676308,48.65181208807956],[1.886077321033451,48.65210624486887],[1.885896343277352,48.65212524314999],[1.8849486620550635,48.651934666265404]]}},{"type":"Feature","properties":{"gid":90973,"CdOH":"03C0000002000848252","TopoOH":"Fossé 01 du Puits Fondu","SourceNomOH":"BDCarthage","DateCreationOH":"2017-01-24 15:06:18","DateMajOH":"2024-09-20 06:17:19","StatutOH":"Validé","InfluenceMareeEH":null,"CommentaireOH":null,"ProjCoordOH":"RGF93 / Lambert 93","source":"BD TOPAGE 2026 – Sandre/OFB/IGN","potabilite":"Non renseignée","type_carto":"Cours d’eau"},"geometry":{"type":"LineString","coordinates":[[1.7451821825148652,48.64808987434409],[1.748785771059101,48.645970534447144],[1.7494406928915291,48.64566255069214],[1.7494492417050798,48.64558887335998],[1.749740288252132,48.645566738958614],[1.7495656708171925,48.644977468721024],[1.7494910604444398,48.64361199362049],[1.7492108095118357,48.64255831883279],[1.7490862219686982,48.64231861663054],[1.7490834115122518,48.642095486102704],[1.7490349154598845,48.64196633396684],[1.7488167772557293,48.64177872550957],[1.748490900866542,48.64127152596572],[1.7483512822638252,48.640979487864016],[1.7482891501846771,48.6407395409599],[1.747800282626933,48.64003053035991]]}},{"type":"Feature","properties":{"gid":92900,"CdOH":"03C0000002000848124","TopoOH":"Canal 01 de la Demi-Lune","SourceNomOH":"BDCarthage","DateCreationOH":"2017-01-24 15:06:18","DateMajOH":"2024-09-20 06:17:19","StatutOH":"Validé","InfluenceMareeEH":null,"CommentaireOH":null,"ProjCoordOH":"RGF93 / Lambert 93","source":"BD TOPAGE 2026 – Sandre/OFB/IGN","potabilite":"Non renseignée","type_carto":"Cours d’eau"},"geometry":{"type":"LineString","coordinates":[[1.861170761306853,48.71514249856814],[1.8619630265481646,48.71527779042955],[1.8625749077536244,48.71520716520294],[1.8633606862406962,48.7152659262127],[1.864119001118353,48.715149912613725],[1.8646079287717923,48.71516985804971],[1.8655839222770956,48.71504511203918],[1.8661995927584203,48.715050064448896],[1.8667975434665953,48.71499457719267],[1.8678431957860078,48.7147913160953],[1.869227568855066,48.714638931288405],[1.8692975645347223,48.71454514447048],[1.8691911002448782,48.71406288936475],[1.8698602557928976,48.7138569413604],[1.871208920022737,48.71334258613328],[1.8715991128555372,48.71315018035295],[1.8724005334031661,48.712546079344826],[1.872656720474231,48.712390183628315],[1.8729469830010343,48.71254494584669],[1.8728196594679574,48.7134693552065],[1.8731367054749688,48.713832160130686],[1.873221160270988,48.713886929244],[1.8738835480093345,48.71386799613511],[1.8739658864220525,48.71389485946078],[1.87555694885313,48.71525285424663],[1.8760378339095611,48.715141346544335],[1.8766265187214712,48.71646469185609],[1.8767670569340178,48.71719912560076]]}},{"type":"Feature","properties":{"gid":92908,"CdOH":"03C0000002000848143","TopoOH":"Fossé 04 de la Commune de Saint-Léger-en-Yvelines","SourceNomOH":"BDCarthage","DateCreationOH":"2017-01-24 15:06:18","DateMajOH":"2024-09-20 06:17:19","StatutOH":"Validé","InfluenceMareeEH":null,"CommentaireOH":null,"ProjCoordOH":"RGF93 / Lambert 93","source":"BD TOPAGE 2026 – Sandre/OFB/IGN","potabilite":"Non renseignée","type_carto":"Cours d’eau"},"geometry":{"type":"LineString","coordinates":[[1.7936539851313806,48.74738181271253],[1.793709825069464,48.747260942693366],[1.794131003881303,48.746987247897316],[1.7940400723517482,48.74668409308507],[1.7940240912189764,48.74619819447786],[1.7903781169998791,48.74399887639132],[1.7892514123608003,48.743904699724396],[1.7888998788859116,48.743931717663564],[1.7885215076466745,48.74400163901004],[1.784766263953659,48.74575440971946],[1.7843161977068203,48.74259342343804],[1.783812322893917,48.74162850514425],[1.7842068220218699,48.74004757034565],[1.783652948730059,48.73942035953688],[1.782916070935423,48.73806806470761],[1.7829307832951344,48.73790360221915],[1.7827293156604793,48.73773693541914],[1.7824015855435706,48.7373279084205],[1.7822297151988993,48.73723350435639],[1.7820701831908987,48.737193197276675],[1.7819911655413394,48.73708264926557],[1.7817155264294329,48.73700607552528],[1.780798181855167,48.736630603599856],[1.780636810272992,48.736610964800164]]}},{"type":"Feature","properties":{"gid":92910,"CdOH":"03C0000002000848212","TopoOH":"Fossé 01 de la Commune de Clairefontaine-en-Yvelines","SourceNomOH":"BDCarthage","DateCreationOH":"2017-01-24 15:06:18","DateMajOH":"2024-09-20 06:17:19","StatutOH":"Validé","InfluenceMareeEH":null,"CommentaireOH":null,"ProjCoordOH":"RGF93 / Lambert 93","source":"BD TOPAGE 2026 – Sandre/OFB/IGN","potabilite":"Non renseignée","type_carto":"Cours d’eau"},"geometry":{"type":"LineString","coordinates":[[1.8935574535109283,48.64148540701575],[1.8937083942524626,48.64140854547658],[1.8937405903091897,48.641298196465556],[1.8952497813999436,48.64000389217138]]}},{"type":"Feature","properties":{"gid":94399,"CdOH":"03C0000002000848142","TopoOH":"Fossé 06 de la Commune de Saint-Léger-en-Yvelines","SourceNomOH":"BDCarthage","DateCreationOH":"2017-01-24 15:06:18","DateMajOH":"2024-09-20 06:17:19","StatutOH":"Validé","InfluenceMareeEH":null,"CommentaireOH":null,"ProjCoordOH":"RGF93 / Lambert 93","source":"BD TOPAGE 2026 – Sandre/OFB/IGN","potabilite":"Non renseignée","type_carto":"Cours d’eau"},"geometry":{"type":"LineString","coordinates":[[1.7834780615605124,48.76004072172595],[1.7830851404202228,48.75952678035984],[1.782858896639502,48.75890201706051],[1.7824863182137267,48.758426878116154],[1.7806568472370548,48.75573127830463],[1.780019103418135,48.75414702550661],[1.7797544504265472,48.75382949283756],[1.779555530074432,48.75343527343017],[1.7791148294235644,48.75226949970137],[1.778986884737373,48.75174917323988],[1.7785996254126932,48.751730820334465],[1.7775336325045157,48.751826053762244],[1.7772336228981513,48.751799594546846],[1.7769511528891542,48.751605105451084],[1.7767198047843589,48.75137695791314],[1.7765706597722761,48.751298071750874],[1.7767352759452566,48.751064985539834],[1.7765558641018755,48.75094261262663],[1.7764820242749315,48.75084290958721],[1.7765454352221286,48.75074911048666],[1.776540288928574,48.75062042738718],[1.776451287968408,48.7503550585026],[1.7763855145777525,48.75031750442683],[1.7764077994383616,48.7501792077333],[1.776368792560653,48.75010234934139],[1.776200823344572,48.75001427453491],[1.776100461839005,48.75000155214739],[1.776136188872714,48.74992815823812],[1.7760725458555013,48.74991581218999],[1.7760277308274965,48.749796616974315],[1.7759715833900485,48.74975466374913],[1.7758045646511285,48.74974215725634],[1.7756895293938133,48.74965912197263],[1.7756231458612484,48.74964764709046],[1.7754622311852628,48.74966488667138],[1.7754138742980783,48.749696773224514],[1.7751819800142066,48.7496665096897],[1.7751579150323888,48.74947466630457],[1.7749465916152343,48.749321379852525],[1.7749061970336377,48.749187837245785],[1.7748636925239962,48.74914422441696],[1.7746656511806413,48.74912060379935],[1.7747311525573053,48.748937775007725],[1.7745079914037518,48.748883312826045],[1.7745423388957666,48.7488108046626],[1.7744543279730258,48.74867767261058],[1.7742987534657748,48.74858342555941],[1.7741325450653562,48.74842070595463],[1.774100827955937,48.748323232650456],[1.773977512477407,48.7482455076298],[1.7737863681617219,48.7479862832431],[1.7738783380467484,48.747892778617626],[1.773781478788095,48.747673201539286],[1.7738922752180766,48.7475888853972],[1.7738630759550222,48.74755800199042],[1.7737529894165673,48.74755417283472],[1.773772399595864,48.747480611874614],[1.773872874060005,48.747430371339306],[1.7736980808935168,48.747227984038226],[1.7737059784953186,48.74718129030937],[1.7738485576924004,48.74707571222972],[1.7738400523256017,48.74703244809434],[1.7736978159951173,48.747007599813855],[1.7736917347943286,48.746976953793464],[1.7737826048786067,48.74693021273763],[1.7737629461750954,48.74689852775395],[1.773531334673591,48.746972607623896],[1.773474474048194,48.74696122930532],[1.7734496718323758,48.74691689819766],[1.7735710714489576,48.74684438495444],[1.7739511176626892,48.746762834228356],[1.773709588210832,48.74656425904562],[1.7737256236711405,48.74651854839197],[1.7739553957968532,48.74652270721133],[1.7740754173971216,48.74662468554105],[1.7742099370981064,48.74663056431337],[1.7742482662651258,48.74662016363312],[1.7742443381101292,48.746497789035516],[1.7742924183173034,48.74647759376791],[1.7745719679250118,48.74644718127313],[1.7749649445369136,48.74633607600332],[1.7749690893738748,48.74621738231848],[1.7750120883416685,48.74618184283825],[1.7751255035339004,48.74615961902856],[1.7752498071926266,48.74619507588597],[1.775335793507121,48.74618246518321],[1.7753768850870708,48.74605425577386],[1.7752656105169695,48.74604321965516],[1.7752503682491216,48.74599718793187],[1.7754085530576673,48.745863883007324],[1.775433842489749,48.745771492145415],[1.7755315189816543,48.7456663509469],[1.775449055577899,48.74552877854684],[1.7754655439833762,48.74528967604725],[1.7755186510386591,48.745229053553686],[1.77551918918968,48.74514810249624],[1.7754388447128353,48.74509420689179],[1.775352061062694,48.7449089155911],[1.7754486605385447,48.74484963875751],[1.7754916268451115,48.74475742911848],[1.7754261986333735,48.744705485506756],[1.7753104703727405,48.744478519378724],[1.7753553547464558,48.7444205111259],[1.775416660964599,48.744474211549246],[1.775485695062833,48.744372374568876],[1.7754678297591477,48.74414821128226],[1.7757082915895683,48.743870027707125],[1.77574043127112,48.74371743913916],[1.7759985143750798,48.743615741283804],[1.7760143782919884,48.74357722462676],[1.7761327206333004,48.74357663883639],[1.7762988968850966,48.74350817982332],[1.7762905165164489,48.74345951991266],[1.776362837166372,48.743449466968485],[1.7763824540030555,48.74348295022409],[1.7765625238185092,48.743518077893455],[1.776559899853666,48.74357202212021],[1.7766070494311996,48.74359139518698],[1.7767383881597734,48.74355855930806],[1.776985145597252,48.74335959527147],[1.7768777755660206,48.743298227524846],[1.7769451927402913,48.74320716730196],[1.7770992250349509,48.743192553892],[1.7773789205239994,48.743038902352176],[1.7773756081113579,48.74294801702008],[1.777235026774475,48.74296906518507],[1.7771452498305182,48.742911475923485],[1.7772462356549334,48.74272271177382],[1.7773401304954246,48.742662506140206],[1.7772437928243967,48.74242044828462],[1.7771544710093927,48.74240154298962],[1.7771499375911421,48.742362817217916],[1.777338718869318,48.742316176752524],[1.777290303614466,48.7422347241369],[1.77736181895787,48.74214280607076],[1.777360868153806,48.74206723668711],[1.77749627816762,48.741918403634],[1.7774289830328076,48.74177199227862],[1.7773036266638973,48.741839971462554],[1.7772455795372144,48.74182138652959],[1.777317355991264,48.74166020810274],[1.7773088365104137,48.741559374607306],[1.777254119790125,48.74151473769927],[1.7771455016390156,48.741564897767844],[1.7770971203308006,48.74154011512498],[1.777092818688859,48.7414914969741],[1.77702508551203,48.74148000886139],[1.7770179962406714,48.74120198447843],[1.7768913723859157,48.7410918452312],[1.7767264781498928,48.74104787820146],[1.776842231178954,48.740983399274604],[1.7768322171713635,48.74094641632611],[1.7767743607920548,48.74091973740667],[1.7765799345547626,48.74097531434446],[1.776559022036251,48.74093911919968],[1.7764665621871345,48.74093817159051],[1.7763972904717158,48.74087629417928],[1.7763236347623441,48.74088543392439],[1.7761484752489467,48.74081527474924],[1.7761105192973163,48.74075191916173],[1.7759800829623262,48.740688514877355],[1.7759815688921339,48.740567094780026],[1.7757608456015275,48.74041011377681],[1.7758484349845074,48.740270686686074],[1.775591582090887,48.740030578835594],[1.7753677766425193,48.73959921123942],[1.7752187109447553,48.7394024856467],[1.7750155438697586,48.73925108029359],[1.774879296443693,48.73908776806046],[1.7744283195293653,48.738833071589134]]}},{"type":"Feature","properties":{"gid":94402,"CdOH":"03C0000002000848255","TopoOH":"Cours d'Eau 01 du Gâteau","SourceNomOH":"BDCarthage","DateCreationOH":"2017-01-24 15:06:18","DateMajOH":"2024-09-20 06:17:19","StatutOH":"Validé","InfluenceMareeEH":null,"CommentaireOH":null,"ProjCoordOH":"RGF93 / Lambert 93","source":"BD TOPAGE 2026 – Sandre/OFB/IGN","potabilite":"Non renseignée","type_carto":"Cours d’eau"},"geometry":{"type":"LineString","coordinates":[[1.7451821825148652,48.64808987434409],[1.741415691447683,48.65030903849549],[1.744831023123136,48.65254097308921],[1.7499541022115355,48.65428875606467],[1.752152166288279,48.653841306131454],[1.7535208782221778,48.65309727455008],[1.755620082555336,48.65257855877851],[1.757120178107229,48.65213002445289],[1.7582948774491356,48.651832810973055],[1.7593543675477246,48.651927508225185],[1.7617652109198656,48.65246355117265],[1.7621498780768674,48.65256020539703],[1.7624659317379872,48.65268763150743],[1.762712937141158,48.65269199554766],[1.762869924591354,48.652770990194504],[1.7631104233406825,48.65270601739183],[1.7632190796814216,48.65270444636298],[1.763320034761568,48.652741477703046],[1.763431654754534,48.652844289718104],[1.763611956549086,48.65285605601551],[1.7638807265985545,48.65280127047904],[1.764043047033834,48.65271209549263],[1.7642499678086183,48.652689052886956],[1.764876780766495,48.652363602390274],[1.7650233614099833,48.652250873575824],[1.7650525050320895,48.652166614093034],[1.7651718395721754,48.65165508401755],[1.7653085504418828,48.65069483754224],[1.7652005923005487,48.649976744151836],[1.7653262155835385,48.649658690598336],[1.765434455544445,48.648811496174844],[1.7653150180624961,48.64852238885205],[1.7649912393220861,48.64849294527441],[1.764862065638085,48.64838635395441],[1.7648390029630068,48.64798309696996],[1.7647591618624936,48.64779965177351],[1.7646323900683514,48.64759143089525],[1.7643978852555708,48.64740368298313],[1.7640653477940822,48.64705568952608],[1.7639586284447477,48.64668844747026],[1.7641277777422997,48.64613695108587],[1.7641462811134572,48.64587086278616],[1.764375181494302,48.64543333452897],[1.7645319046225896,48.64523524943537],[1.7646884390281337,48.6449301102338],[1.7649513395485281,48.644719631374564],[1.7652022791244397,48.64444065864419],[1.764933489715197,48.64369300668945],[1.7649362525753824,48.643460939298855],[1.7648376381753268,48.64298043165637],[1.7649327466948297,48.64291934537763],[1.7648392958028232,48.64285270599177],[1.7648108887986576,48.642560941841836],[1.764475657014174,48.64244321699848],[1.7647621989879778,48.64192082283856],[1.7654852755629378,48.64038640513667],[1.7658117122304229,48.640037059996054]]}},{"type":"Feature","properties":{"gid":95893,"CdOH":"03C0000002000848128","TopoOH":"Fossé 04 des Vallées","SourceNomOH":"BDCarthage","DateCreationOH":"2017-01-24 15:06:18","DateMajOH":"2024-09-20 06:17:19","StatutOH":"Validé","InfluenceMareeEH":null,"CommentaireOH":null,"ProjCoordOH":"RGF93 / Lambert 93","source":"BD TOPAGE 2026 – Sandre/OFB/IGN","potabilite":"Non renseignée","type_carto":"Cours d’eau"},"geometry":{"type":"LineString","coordinates":[[1.897209334675302,48.68300700141782],[1.8983663302552576,48.683092358361655],[1.9,48.68342110944106]]}},{"type":"Feature","properties":{"gid":95917,"CdOH":"03C0000002000848118","TopoOH":"Fossé 02 de la Commune de Saint-Léger-en-Yvelines","SourceNomOH":"BDCarthage","DateCreationOH":"2017-01-24 15:06:18","DateMajOH":"2024-09-20 06:17:19","StatutOH":"Validé","InfluenceMareeEH":null,"CommentaireOH":null,"ProjCoordOH":"RGF93 / Lambert 93","source":"BD TOPAGE 2026 – Sandre/OFB/IGN","potabilite":"Non renseignée","type_carto":"Cours d’eau"},"geometry":{"type":"LineString","coordinates":[[1.7978588963218272,48.71710847940219],[1.7976266507668268,48.71715831239236],[1.7972828216188728,48.71715394767381],[1.796501560787693,48.71737275321547],[1.7949092336336625,48.717864020132964],[1.7937566104864469,48.71826885861356],[1.7934047299719986,48.71843621262187],[1.793157586228338,48.71848318770494],[1.7931579777749374,48.7185839395931],[1.793074311086539,48.71867484593529],[1.7927608262912476,48.71876882452279],[1.7917923868541261,48.71937880221041],[1.7912811584435564,48.71991064693551],[1.7909183735879521,48.72054833944373],[1.7906944042447723,48.72076825477036],[1.7904219129424808,48.7209112174636],[1.7903499555409432,48.72108319851598],[1.790161684590771,48.72117034369661],[1.7896346769068363,48.72120817706437],[1.7890273467233933,48.7211921205344],[1.788885094151282,48.7212293568173],[1.7886115133701337,48.72112583208424],[1.788547589673409,48.72112698221147],[1.7884554845993827,48.72122949351229],[1.7883199823826748,48.72121012702911],[1.788123218625425,48.72131157532861],[1.787820141647243,48.72136606718524],[1.7877223556692234,48.72165472368354],[1.7876667352852078,48.7217081306462],[1.7875382602585057,48.72173740949886],[1.7875333243644813,48.7217157705419],[1.7870149030230338,48.721734789431935],[1.78690474644508,48.72179483795241],[1.7868653920588986,48.72179173928009],[1.7868519026482643,48.72172863478763],[1.786665398949557,48.72173933208843],[1.7864866952817846,48.72176540049263],[1.7863838576033864,48.72186150431277],[1.7862498390909105,48.72183675338547],[1.7862785485255632,48.721771379427004],[1.786091625717,48.72174159254903],[1.7859761148272566,48.72179798762077],[1.7858400268163015,48.7218037993248],[1.785739696757585,48.72185045375509],[1.7856204417271841,48.72183394814625],[1.7855742498514722,48.72189104823284],[1.7852938552290978,48.7219052855176],[1.7852169030277187,48.72188201383585],[1.7850051790589114,48.72204177442787],[1.784825887797322,48.7220930213209],[1.7848032826570706,48.7221296720139],[1.7847389164725114,48.72232511488531],[1.7848329318405936,48.722433116770404],[1.784662023159229,48.72259149325703],[1.7847252792643573,48.72261912346374],[1.784762416597358,48.7227175507922],[1.784719860722924,48.72285204740837],[1.7846878869790685,48.722882305919114],[1.784558299245887,48.722900775850334],[1.7846201538397102,48.722988660548715],[1.7845893291771302,48.72308639571509],[1.7847198366189378,48.72314529495423],[1.784457563697992,48.7232568644375],[1.7843952028169074,48.723424441870144],[1.7841927767844936,48.72353482130867],[1.7842376309493115,48.723593747906584],[1.7841986090322655,48.72363472886217],[1.7839804568290232,48.72371976079949]]}},{"type":"Feature","properties":{"gid":97474,"CdOH":"03C0000002000848182","TopoOH":"la Guesle","SourceNomOH":"BDCarthage","DateCreationOH":"2017-01-24 15:06:18","DateMajOH":"2024-09-20 06:17:19","StatutOH":"Validé","InfluenceMareeEH":null,"CommentaireOH":null,"ProjCoordOH":"RGF93 / Lambert 93","source":"BD TOPAGE 2026 – Sandre/OFB/IGN","potabilite":"Non renseignée","type_carto":"Cours d’eau"},"geometry":{"type":"LineString","coordinates":[[1.719654121137497,48.66309165170359],[1.7194234207162233,48.66314044997219],[1.71866899319202,48.66344719881809],[1.7184695829098897,48.663493632850226],[1.7181351761821677,48.66350712912734],[1.7175362402878844,48.66339813296793],[1.7171525486030161,48.663372413782476],[1.716443280723778,48.66322174294064],[1.7161589433655295,48.66307654520898],[1.7160392043551822,48.662975400775316],[1.7158967275827055,48.662915392448575],[1.7155833630146846,48.6628463458223],[1.7151532010560413,48.662556538989136],[1.7147359100413746,48.662406306040445],[1.7143247646165267,48.662392875880215],[1.7139459462070914,48.66244546333733],[1.713847687032261,48.66246509370054],[1.7137892368422714,48.662577811562784],[1.713707600929476,48.662584127316016],[1.713509013655611,48.662486627241826],[1.7133107308183,48.66248718565973],[1.7130851388628783,48.66232822105397],[1.7127414115851065,48.66216887975711],[1.7122136942125254,48.662367386671946],[1.7090616545352857,48.66242684632606],[1.7061638113077844,48.66148773434519],[1.705092569210673,48.66071144511327],[1.7047378592945535,48.66061313329339],[1.7037248922310668,48.66000748771089],[1.702049926158298,48.6593757337861],[1.7014707419515633,48.65902128079495]]}},{"type":"Feature","properties":{"gid":97475,"CdOH":"03C0000002000848181","TopoOH":"Fossé 01 de la Commune de Hermeray","SourceNomOH":"BDCarthage","DateCreationOH":"2017-01-24 15:06:18","DateMajOH":"2024-09-20 06:17:19","StatutOH":"Validé","InfluenceMareeEH":null,"CommentaireOH":null,"ProjCoordOH":"RGF93 / Lambert 93","source":"BD TOPAGE 2026 – Sandre/OFB/IGN","potabilite":"Non renseignée","type_carto":"Cours d’eau"},"geometry":{"type":"LineString","coordinates":[[1.6999999999999995,48.660375573073196],[1.7004986641636362,48.659942667974406],[1.701005583516376,48.65959825097537],[1.701498808407024,48.65898470310954],[1.7016986225169006,48.65886723354776],[1.701843401279528,48.65872397547763]]}},{"type":"Feature","properties":{"gid":97472,"CdOH":"03C0000002000848159","TopoOH":"Canal 06 de Rambouillet","SourceNomOH":"BDCarthage","DateCreationOH":"2017-01-24 15:06:18","DateMajOH":"2024-09-20 06:17:19","StatutOH":"Validé","InfluenceMareeEH":null,"CommentaireOH":null,"ProjCoordOH":"RGF93 / Lambert 93","source":"BD TOPAGE 2026 – Sandre/OFB/IGN","potabilite":"Non renseignée","type_carto":"Cours d’eau"},"geometry":{"type":"LineString","coordinates":[[1.7799642461026204,48.659915410465345],[1.7852805867002675,48.657573226203]]}},{"type":"Feature","properties":{"gid":97477,"CdOH":"03C0000002000848223","TopoOH":"Canal 01 de Rambouillet","SourceNomOH":"BDCarthage","DateCreationOH":"2017-01-24 15:06:18","DateMajOH":"2024-09-20 06:17:19","StatutOH":"Validé","InfluenceMareeEH":null,"CommentaireOH":null,"ProjCoordOH":"RGF93 / Lambert 93","source":"BD TOPAGE 2026 – Sandre/OFB/IGN","potabilite":"Non renseignée","type_carto":"Cours d’eau"},"geometry":{"type":"LineString","coordinates":[[1.8883311468832533,48.64000922227544],[1.8888462772980392,48.640379160831806],[1.8933528426151809,48.64326556717512],[1.8941626322083425,48.644258120511005],[1.8940479025736356,48.644612387590755],[1.893892622487746,48.64476567297442],[1.8939416367250554,48.645272588222475],[1.8938726507983454,48.645646170533375],[1.8939351856731623,48.64602727065194],[1.8938788134942155,48.646382078793394],[1.8939067750829168,48.64666480429017],[1.8939759046212354,48.646862452437674],[1.8942347023623585,48.64714282230713],[1.8943356755603173,48.647439718606456],[1.8944312603620725,48.64805591276965],[1.8943214549299445,48.648241105276384],[1.8944081541987543,48.648571152911956],[1.8942762085110985,48.6489045691374],[1.894019065833679,48.649123477254086],[1.8937364213972407,48.64920001583026],[1.893348093821387,48.64945908478317],[1.8922989280448066,48.649830754646466],[1.8917239855752321,48.650182538340644],[1.891334870042576,48.65034983715889],[1.8911957542687574,48.65044389726103],[1.8911478304924318,48.65052711138223],[1.8908187406905625,48.65068057391999],[1.8906886391148516,48.650989714618106],[1.8907113020812465,48.6511374550868],[1.8906422563362846,48.65132032461551],[1.8906759468569214,48.65139620212031],[1.8905981584139246,48.651479137954766]]}},{"type":"Feature","properties":{"gid":97468,"CdOH":"03C0000002000848171","TopoOH":"la Fontaine Bleue","SourceNomOH":"BDCarthage","DateCreationOH":"2017-01-24 15:06:18","DateMajOH":"2024-09-20 06:17:19","StatutOH":"Validé","InfluenceMareeEH":null,"CommentaireOH":null,"ProjCoordOH":"RGF93 / Lambert 93","source":"BD TOPAGE 2026 – Sandre/OFB/IGN","potabilite":"Non renseignée","type_carto":"Cours d’eau"},"geometry":{"type":"LineString","coordinates":[[1.725356379774873,48.71051430705129],[1.7232794293024463,48.710959866760184],[1.7228048363725519,48.711024052679214],[1.7216330514596765,48.711583618673586],[1.7213249165603215,48.71167746837672],[1.720652518355616,48.71199230009946],[1.7204030118154234,48.712078680117386],[1.7200657626418805,48.71236202001068],[1.7214024653795155,48.714563163085174],[1.721774223048569,48.71620342833956],[1.7219643867757863,48.71637637978736],[1.7221614730721593,48.71687774048835],[1.722290306562945,48.717057230845214],[1.7224320366819137,48.717154100623745],[1.7224895268207792,48.7172491687807],[1.722723850820618,48.717339833122566],[1.7228073400415267,48.71742798302103],[1.722898311699692,48.71804424775529],[1.7235413377699687,48.719212444089116],[1.7237581778757751,48.719740998365204],[1.7237019479204385,48.7197610865216],[1.7236533173542627,48.71991528836687],[1.723722355022307,48.72020568070934],[1.723775073331247,48.72027371051533],[1.7238595795272118,48.72032049114336],[1.7240717856910885,48.72025979215036],[1.7244835426735814,48.7202668928534],[1.725060087908539,48.7202064878688],[1.7252512041464374,48.7201185750776],[1.725943845767313,48.71992447412541]]}},{"type":"Feature","properties":{"gid":97476,"CdOH":"03C0000002000848186","TopoOH":"Fossé 02 de la Commune de Poigny-la-Forêt","SourceNomOH":"BDCarthage","DateCreationOH":"2017-01-24 15:06:18","DateMajOH":"2024-09-20 06:17:19","StatutOH":"Validé","InfluenceMareeEH":null,"CommentaireOH":null,"ProjCoordOH":"RGF93 / Lambert 93","source":"BD TOPAGE 2026 – Sandre/OFB/IGN","potabilite":"Non renseignée","type_carto":"Cours d’eau"},"geometry":{"type":"LineString","coordinates":[[1.761433224172272,48.704505696907084],[1.7620401552352687,48.70407121675105],[1.7623576198901476,48.70369310095715],[1.7626347705689809,48.70352506126079],[1.7628073810237863,48.70306538136238],[1.7628764663671708,48.7030175220394],[1.7629061176071033,48.70279833875914],[1.7630615106103218,48.702606546407424],[1.7630425421464158,48.70243183649076],[1.7631038786669824,48.7023668051648],[1.7633273040749282,48.70228636284422],[1.7634298051620765,48.70220466660491],[1.7632063726608416,48.70205572304823],[1.7631944101635062,48.70187209018598],[1.7631014094858297,48.70178207009972],[1.7629240608598395,48.701753244379084],[1.762475202115205,48.70153989208762],[1.762290124151636,48.70155056557446],[1.7620604394693158,48.70160845218876],[1.761608826120151,48.70162625327896],[1.7611270756370399,48.70176877762162],[1.760603179528834,48.701739946937266],[1.7598652885180786,48.7015658602644],[1.7594892771448134,48.701547557593],[1.7590931580735432,48.7014031069664],[1.7588090285297706,48.70123553236866],[1.7586843211893741,48.70099315404916],[1.7586332684405548,48.70068227636156],[1.7586406379706185,48.70037200658124],[1.7585068078041988,48.69982728229664],[1.7582686771436107,48.699611608830075],[1.7581330802193034,48.6995418309028],[1.7574856066574172,48.69893868223247],[1.7573298769692733,48.69868698316962],[1.757390095716435,48.6980975012378],[1.75735749790414,48.69792534621239],[1.757033797864757,48.697308475137646],[1.756832053365436,48.69659212345443],[1.7566767295005823,48.696266663357136],[1.7562466116213384,48.695782713993005],[1.7561966142009016,48.69571382611442],[1.7561669742558947,48.69553180605276],[1.7559589741173587,48.69530744551111],[1.7558037781158962,48.69491991553464],[1.7558340439415723,48.69461887869416],[1.7557362399746557,48.69416088179543],[1.7555406018878645,48.69393125179264],[1.7554701040578546,48.69375330271628],[1.7554544333939768,48.693270074969064],[1.755228690557497,48.69299245332588],[1.7551664896432941,48.69263737686776],[1.7548991146031323,48.69222528511628],[1.754845042113141,48.691985437057106],[1.7547721069522655,48.69191001187935]]}},{"type":"Feature","properties":{"gid":99099,"CdOH":"03C0000002000848246","TopoOH":"les Ruisseaux","SourceNomOH":"BDCarthage","DateCreationOH":"2017-01-24 15:06:18","DateMajOH":"2024-09-20 06:17:19","StatutOH":"Validé","InfluenceMareeEH":null,"CommentaireOH":null,"ProjCoordOH":"RGF93 / Lambert 93","source":"BD TOPAGE 2026 – Sandre/OFB/IGN","potabilite":"Non renseignée","type_carto":"Cours d’eau"},"geometry":{"type":"LineString","coordinates":[[1.7191413942795923,48.64376907659448],[1.718706081296782,48.643418047935675],[1.7169807828510424,48.641033515623555],[1.7166547500519858,48.64104349820786],[1.716450061170007,48.64108717314715],[1.7156277131616662,48.64157399451673],[1.715074861785105,48.6421968588365],[1.7145948507598616,48.642506543496715],[1.7136434371968865,48.642498973880045],[1.712962638681495,48.64258248180969],[1.7102337002598447,48.643368915097525],[1.7084578483421833,48.64398300131073],[1.7063426595218303,48.644593377276436],[1.7056296723552375,48.64493378166639],[1.7053201646977256,48.6452074977961],[1.7051485119540442,48.64528659707713],[1.7048429419583249,48.645291372355544],[1.7041965561388226,48.645408490064995],[1.7040257269944101,48.64539943523749],[1.7018345840696583,48.644744057757904],[1.7015345565286886,48.64447090609076],[1.7011168507844732,48.644290029999716],[1.7000000000000002,48.6436110552652]]}},{"type":"Feature","properties":{"gid":99156,"CdOH":"03C0000002000848120","TopoOH":"Fossé 01 de l'Etang de Gruyer","SourceNomOH":"BDCarthage","DateCreationOH":"2017-01-24 15:06:18","DateMajOH":"2024-09-20 06:17:19","StatutOH":"Validé","InfluenceMareeEH":null,"CommentaireOH":null,"ProjCoordOH":"RGF93 / Lambert 93","source":"BD TOPAGE 2026 – Sandre/OFB/IGN","potabilite":"Non renseignée","type_carto":"Cours d’eau"},"geometry":{"type":"LineString","coordinates":[[1.8285024998650699,48.69837456764694],[1.8279801685042794,48.698397322224935],[1.8259739767183236,48.698719419458406],[1.8249782706074962,48.69930691238716],[1.8230725296487222,48.699812558104],[1.8226512114477291,48.69999550546967],[1.8220672700762166,48.6994347213144],[1.8217502408995299,48.699271471111125],[1.8167003822803545,48.699574103091244],[1.8129992827808408,48.699844074557035],[1.812712343341768,48.69997255249004],[1.8118858917108962,48.699682765377325],[1.8113530451910405,48.6994498713833],[1.8115997169748825,48.69929940635064],[1.8093732640274538,48.697293700025035],[1.8081683046370047,48.69626427558097],[1.8084652904609582,48.69557548908675],[1.8088208366777223,48.6951787407363],[1.8090689504599469,48.694964426843875],[1.8095285260210225,48.69465327274735],[1.8102343235731524,48.69343422768939],[1.8105190449203408,48.69262567210559],[1.8109060163604689,48.690965358832756],[1.8113234439471055,48.690713147486804],[1.8116934574830998,48.6893189284242],[1.811677577291424,48.68924050896264],[1.8116097929997894,48.68917416603454],[1.8106680636042858,48.68846492419993],[1.8103487063898576,48.6882890241656],[1.8099747997182252,48.688181844658466],[1.8098943018719869,48.68795795156928],[1.810015738129741,48.68769649315164],[1.8100024885425474,48.68756232711541],[1.8101382858577149,48.6874458403262],[1.8100013339115275,48.68737430839669],[1.8099754706243534,48.68725710801337],[1.8096772896159001,48.68698696380833],[1.8096358715358614,48.686896594732076],[1.8097389184434163,48.68672670757972],[1.8099022282133763,48.686595203137664],[1.811197028407391,48.68611516115493],[1.8114284103555056,48.685977136763576],[1.8115682253831786,48.68580311666388],[1.8116228320204562,48.68531340222746],[1.8116283817945307,48.68459111278072],[1.8119162479685602,48.683940002556305],[1.812171068769979,48.683487364642225],[1.8123407329879127,48.68205875561315],[1.812546157542277,48.681268289238865],[1.8125328639677671,48.68053771370135],[1.8123465980312456,48.67994664601699],[1.812228294528338,48.67917454327076],[1.8122998611098442,48.67841602572132],[1.812663216029599,48.67796806431678],[1.8137711194123094,48.67745284805545],[1.8143869705248656,48.677310545899815],[1.8149461340670427,48.67709211385446],[1.816394532094687,48.67707501678561],[1.8166938625821558,48.677173341629604],[1.8195046138598279,48.677220095647556],[1.8217347490204094,48.67729343101086],[1.8234649142822743,48.67718997569193],[1.823598732428614,48.677158911931],[1.8237199207552497,48.67708544402555],[1.8237720907734272,48.677000500374675],[1.8237852008295021,48.676900778372946],[1.8239302180745465,48.67667372026999],[1.8239368207286477,48.67656134017056],[1.8243022926707968,48.67649747757423],[1.8242878938934908,48.676352506114675],[1.8244181139466673,48.676179275154695],[1.8244904940278952,48.67616199757862],[1.8246907550114337,48.67619635615141],[1.8247787404272815,48.676149546690155],[1.8248255931668595,48.67599888208788],[1.8249062788410684,48.67591421896409],[1.8254085846430566,48.67562411233711],[1.8257075718172184,48.67537518013891],[1.8260207569810862,48.675038229836204],[1.8263203930320924,48.67463907542915],[1.8268408773384686,48.674324853411136],[1.8269765144176666,48.6743333845501],[1.8272418937812474,48.67400765482573],[1.8278871090737367,48.6727941918228],[1.830650063885973,48.671080667918396],[1.83081402183784,48.6704903622369],[1.8311542310200508,48.67009609052247],[1.8312497289119074,48.66977318319788],[1.831947380720761,48.66882018413646],[1.8319995652912493,48.66861199603956],[1.83330821099754,48.66778641507322],[1.8344508682214251,48.66715530233944],[1.8348942464855813,48.666943740675656],[1.8350744459113184,48.66677998145239],[1.835499397167908,48.66550494818774],[1.8352503974334011,48.66479455485341],[1.8349905400377997,48.664389008394714],[1.8348113045444023,48.6643269852908],[1.8346887430395133,48.66415936680276],[1.8346214781262613,48.66413082251713],[1.8331163199982439,48.66396946715183],[1.8328961228472556,48.66385666418299],[1.8327894797560507,48.66370629130309],[1.8324214976151934,48.66340043165587],[1.8316207483246152,48.66313620748356],[1.8313693711693617,48.66302129676397],[1.831239865611262,48.66292197372006],[1.8308269564008621,48.66286484947143],[1.8304751435193494,48.66268688116303],[1.8303161234326966,48.66251080388953],[1.8301959945618145,48.662113813441415],[1.8297206774042085,48.661386791059805],[1.8305397050840317,48.6599816012019]]}},{"type":"Feature","properties":{"gid":99545,"CdOH":"03C0000002000848199","TopoOH":"Fossé 01 de la Commune de Coignieres","SourceNomOH":"BDCarthage","DateCreationOH":"2017-01-24 15:06:18","DateMajOH":"2024-09-20 06:17:19","StatutOH":"Validé","InfluenceMareeEH":null,"CommentaireOH":null,"ProjCoordOH":"RGF93 / Lambert 93","source":"BD TOPAGE 2026 – Sandre/OFB/IGN","potabilite":"Non renseignée","type_carto":"Cours d’eau"},"geometry":{"type":"LineString","coordinates":[[1.9,48.739994154074836],[1.8997939653121332,48.74016585558175],[1.8993866475415788,48.740262845043404],[1.899280717218495,48.74032033590141],[1.899154509832547,48.74030747863871],[1.8990554915181315,48.74035963603344],[1.8980446432614217,48.7406354510729],[1.8978488099670938,48.740764070794874],[1.8976105463556447,48.74084102685994],[1.8973608080712792,48.74101052500281],[1.897260977618214,48.741036587896296],[1.8972479271958378,48.74120377439214],[1.89697866360654,48.74133171434189],[1.8968402303511365,48.74151123471729]]}},{"type":"Feature","properties":{"gid":110571,"CdOH":"03C0000002000848147","TopoOH":"la Vesgre","SourceNomOH":"IGN;BDCarthage","DateCreationOH":"2017-01-24 15:06:18","DateMajOH":"2024-09-20 06:17:19","StatutOH":"Validé","InfluenceMareeEH":null,"CommentaireOH":null,"ProjCoordOH":"RGF93 / Lambert 93","source":"BD TOPAGE 2026 – Sandre/OFB/IGN","potabilite":"Non renseignée","type_carto":"Cours d’eau"},"geometry":{"type":"LineString","coordinates":[[1.7183748235738372,48.74394834347636],[1.718123135088095,48.74367398350565],[1.7173844393361026,48.74301568967543],[1.7167734020511833,48.742587243665284],[1.715633434833681,48.74198759118604],[1.7148717458630558,48.741326334278476],[1.7136904995536435,48.740416778556494],[1.7136508971631472,48.7403129055863],[1.713185961217327,48.74002903953816],[1.7130851311052737,48.7399263053678],[1.7119227516692468,48.73913657177059],[1.711848275562857,48.73906830308497],[1.7118540272892622,48.7388902574421],[1.7114883121132336,48.73871989662732],[1.7104054438085872,48.73867761891147],[1.7092716818148752,48.738493554117355],[1.7087242755006913,48.73863155945471],[1.7083613919524099,48.738677107889316],[1.7071551049952685,48.73834651344337],[1.7022138793495039,48.73732319459148],[1.6999999999999988,48.73796208380739]]}},{"type":"Feature","properties":{"gid":113887,"CdOH":"03C0000002000848131","TopoOH":"l'Yvette","SourceNomOH":"IGN;BDCarthage","DateCreationOH":"2017-01-24 15:06:18","DateMajOH":"2024-09-20 06:17:19","StatutOH":"Validé","InfluenceMareeEH":null,"CommentaireOH":null,"ProjCoordOH":"RGF93 / Lambert 93","source":"BD TOPAGE 2026 – Sandre/OFB/IGN","potabilite":"Non renseignée","type_carto":"Cours d’eau"},"geometry":{"type":"LineString","coordinates":[[1.8602510148413807,48.72957552235011],[1.8612081514637442,48.7299543592892],[1.8613031553907395,48.72996246183895],[1.8618318257674051,48.729849668076284],[1.8626667024809227,48.729599465985],[1.8630148102674242,48.729848350169725],[1.8630979296999466,48.72996517932495],[1.863920616061245,48.73065034708614],[1.8642354150846303,48.7308683268492],[1.866207438261809,48.73172722105253],[1.8690182707290073,48.730839084372555],[1.8701331132233139,48.730217285647896],[1.8729825784466687,48.72923317365369],[1.8747383957007864,48.728960097431816],[1.875406202755211,48.729014065980294],[1.876881904956299,48.728551219866674],[1.8784163404240986,48.72756808917281],[1.8820832193241832,48.72630269560272],[1.8863456583166236,48.72528112002211],[1.8871172917353944,48.725501502948866],[1.887272159581188,48.72550744457844],[1.888443707961938,48.72520802984348],[1.888531890985682,48.72515308128474],[1.8885785655350835,48.725004196636334],[1.8897947284220353,48.72433188573715],[1.889789217938759,48.72388747425229],[1.8905448105503457,48.723518503965046],[1.8918921612310289,48.72300390660148],[1.8929088300638013,48.72275967936409],[1.8951429057341564,48.7225492088381],[1.8954012706652326,48.72222507664189],[1.8963087624275023,48.72219209551279],[1.896961379503188,48.72212526887341],[1.898173686712767,48.72220753002938],[1.899465241333639,48.72240025045462],[1.8999999999999995,48.7223089310008]]}},{"type":"Feature","properties":{"gid":117509,"CdOH":"03C0000002000848134","TopoOH":"Aqueduc la Voûte","SourceNomOH":"BDCarthage","DateCreationOH":"2017-01-24 15:06:18","DateMajOH":"2024-09-20 06:17:19","StatutOH":"Validé","InfluenceMareeEH":null,"CommentaireOH":null,"ProjCoordOH":"RGF93 / Lambert 93","source":"BD TOPAGE 2026 – Sandre/OFB/IGN","potabilite":"Non renseignée","type_carto":"Cours d’eau"},"geometry":{"type":"LineString","coordinates":[[1.8632878505781014,48.695620325133895],[1.8615855495276052,48.69610513347364],[1.8583052944656215,48.69635443618402],[1.8543102899611024,48.697035761664964],[1.8520355621319315,48.697158716221296],[1.8507673309132655,48.69717708771965],[1.8483614010076324,48.6978267391317],[1.846803689659723,48.6979691086846],[1.846007118174797,48.698473243758954],[1.8459662885385613,48.698537615715836],[1.845347102000386,48.69888514313234],[1.8425820117387448,48.699914405666384],[1.8422683619959122,48.69990236640597],[1.83944898783393,48.70073942747723],[1.8382367811484481,48.7015345153018],[1.8376109971838277,48.701747007217904],[1.8363184153567824,48.7021212068804],[1.8327846784381603,48.703596110236475],[1.8321771378110208,48.7035982599268],[1.831799418078297,48.70365483069319],[1.8303055809498645,48.704090861749684],[1.8287851378022053,48.70486394031538],[1.8287865737536615,48.70498179407804],[1.829182602597951,48.70550381615038],[1.8291692652286677,48.70555315988848],[1.8291115912564087,48.70557957999046],[1.8250136991308012,48.70667720523815],[1.8208466767881009,48.707879253146295],[1.8146659808697485,48.709523528985656],[1.8148816194365895,48.70984410775864],[1.812768820671687,48.71034843166238],[1.812998469281163,48.710650262818085],[1.811265692687466,48.711177230834],[1.8107318445130227,48.71062499151865],[1.8106615489264504,48.710608099089185],[1.8100372934274214,48.71098237898727],[1.809381016196482,48.71121061090412],[1.8088187170790588,48.71154952115716],[1.8078501080639118,48.71194283947086],[1.8075773813497245,48.712100231732116],[1.807353165203463,48.71227609904634],[1.8070089122726247,48.71288704126887],[1.8068407003649611,48.71311024344362],[1.8062929875086073,48.713523049486426],[1.8056671312037074,48.71360763945171],[1.8050880168622048,48.71378804516457],[1.8047232093520071,48.71392921649802],[1.8044489606552876,48.71415225245793],[1.804311433404239,48.71422193771212],[1.8038009379131352,48.7143139707207],[1.803390390236613,48.7144339900696],[1.8025327989764017,48.714783401714854],[1.8019947205059745,48.71495161079719],[1.801303254576797,48.71552486690815],[1.8001700171853465,48.71668827036409],[1.7991586406431401,48.71710177725637],[1.7988832709742995,48.717430934069625],[1.7988931306827955,48.717475110529335],[1.8007362852146667,48.71914249533058],[1.8045155180184203,48.72241243408277],[1.8065278841947485,48.724067920881375],[1.8070110852858685,48.72440108010973],[1.8072820586222675,48.724442468338495],[1.8074140527383793,48.72443749076891],[1.8093642668744325,48.72363749383786],[1.8112260553335924,48.72301648996456],[1.8136441425086984,48.722322729894486],[1.8147335647673204,48.721944059525356],[1.8201036789450074,48.719958045714584],[1.8250556298037581,48.71799016236042],[1.826284028018204,48.71752909893433],[1.8295664412611676,48.71640094747135],[1.8296210058774707,48.71639248738949],[1.8296895332592045,48.71642824122469],[1.8307497497472789,48.71789047619819]]}},{"type":"Feature","properties":{"gid":127777,"CdOH":"03C0000002000848111","TopoOH":"la Mauldre","SourceNomOH":"IGN;BDCarthage","DateCreationOH":"2017-01-24 15:06:18","DateMajOH":"2024-09-20 06:17:19","StatutOH":"Validé","InfluenceMareeEH":null,"CommentaireOH":null,"ProjCoordOH":"RGF93 / Lambert 93","source":"BD TOPAGE 2026 – Sandre/OFB/IGN","potabilite":"Non renseignée","type_carto":"Cours d’eau"},"geometry":{"type":"LineString","coordinates":[[1.8994654146599599,48.753174930182794],[1.8994480367803346,48.753418531920445],[1.8991092796306468,48.75374282369158],[1.8986739338683474,48.754067123142235],[1.8974118843764647,48.75482364092723],[1.8971537012820634,48.75506771685562],[1.896977988381785,48.75533594071913],[1.8968080127468365,48.755332571561155],[1.8958471583101346,48.75554586481135],[1.8949794902419534,48.75559810464363],[1.8946901176044095,48.75564399896468],[1.8942668017740694,48.75584786200959],[1.8945222564863102,48.75631166500793],[1.8943610559783617,48.75634345369757],[1.8939848321345822,48.75631478407393],[1.8938778679781632,48.75654766044228],[1.8937404363996055,48.75706269382279],[1.8936525931354886,48.75716352221616],[1.8934693096923996,48.75727426008873],[1.8933269279092613,48.7579583505642],[1.893532643161306,48.75852243644517],[1.893514074516909,48.759013384349615],[1.8932845253369404,48.75938094635835],[1.893061112886294,48.759843910273005],[1.892927230226446,48.760005712542196]]}},{"type":"Feature","properties":{"gid":129612,"CdOH":"03C0000002000848127","TopoOH":"Canal 01 de la Commune du Perray-en-Yvelines","SourceNomOH":"BDCarthage","DateCreationOH":"2017-01-24 15:06:18","DateMajOH":"2025-10-27 19:05:11","StatutOH":"Validé","InfluenceMareeEH":null,"CommentaireOH":null,"ProjCoordOH":"RGF93 / Lambert 93","source":"BD TOPAGE 2026 – Sandre/OFB/IGN","potabilite":"Non renseignée","type_carto":"Cours d’eau"},"geometry":{"type":"LineString","coordinates":[[1.8363178982095967,48.69634613890383],[1.8368197437910965,48.69589946262136],[1.8368531518337745,48.695802637564164],[1.836829338458777,48.695773619888485],[1.8364092336654136,48.69566157671977],[1.8363595482621398,48.695635005172036],[1.8363889385326408,48.69559661146246],[1.8387798128876105,48.69385320559047],[1.840536773765546,48.69219714247566],[1.8403193963375513,48.69201242084509],[1.841953067969643,48.69131675320894],[1.8433213167887685,48.69027216319156],[1.8441900026323164,48.6897588474088],[1.845132451441122,48.68898087269602],[1.8457824282812765,48.68926422630469],[1.8467846664589336,48.689900907327484],[1.8480257373420126,48.68944243849017],[1.8481673876047089,48.689549953362466],[1.848619863934661,48.690165115565826],[1.849104306879658,48.69043965582265],[1.8504918398259502,48.690981971483865],[1.85075088349257,48.69100335852082],[1.8513476363932309,48.69111435456125],[1.8522637740078194,48.69072647494221],[1.853200502008303,48.69051419784372],[1.8546539071333468,48.69040852539586],[1.8565590027324157,48.69008857723439],[1.8580701660950225,48.68988806519253],[1.8594125220672284,48.68995128573346],[1.8681064423616947,48.689023029918324],[1.8683784443070444,48.68907328715794],[1.8685330421542239,48.68914941627344],[1.8686035180728342,48.689220249408145],[1.8686076669416134,48.68927965872531],[1.8684506136176906,48.69245535658429],[1.86412610674542,48.69387600468823],[1.8632878505781014,48.695620325133895],[1.8643041826231928,48.69587378244495],[1.8656196380980623,48.6959942456906],[1.8657967504505042,48.69603550981748],[1.8672357341310346,48.69691454198371],[1.8676520182596954,48.69720634724683],[1.8686920192822678,48.697812610079104],[1.8717526848692339,48.69829496744059],[1.8718075340727292,48.69833506589094],[1.8718100760393022,48.69846912098914],[1.8715263193829579,48.70028260109952],[1.8714051623769683,48.70048115178196],[1.8700334962542244,48.70213770345689],[1.8682135314713417,48.70240110446867],[1.8675575349805427,48.702445252579004],[1.8668632465662172,48.7026257626595],[1.8641675247089082,48.704163516339975],[1.8609242982078813,48.70587139107899],[1.8592083517395095,48.70640460916571],[1.8590244389108255,48.70642443912704],[1.857563108577699,48.70693488163235],[1.8561591556203145,48.707368496605234],[1.8550251404355569,48.70776330763021],[1.854953080520295,48.70782648284827],[1.8549541617292171,48.7079632222069],[1.8550517400873527,48.70828619138883],[1.857443894208852,48.71014956634549]]}}]}